-2.114862000,-2.003533000,-1.854812000,-1.691076000,-1.539150000,-1.421312000,-1.347438000,-1.309430000,-1.282056000,-1.230641000,-1.122808000,-0.939521000,-0.680915000,-0.364435000,-0.018566000,0.326457000,0.646282000,0.927104000,1.166574000,1.372059000,1.556901000,1.735947000,1.921529000,2.120198000,2.331454000,2.548382000,2.759393000,2.951539000,3.113404000,3.238007000,3.324478000,3.378515000,3.411440000,3.437403000,3.470277000,3.518893000,3.582935000,3.650901000,3.700646000,3.703044000,3.628083000,3.451108000,3.158170000,2.749203000,2.238421000,1.652218000,1.025092000,0.394450000,-0.204378000,-0.742633000,-1.201201000,-1.572811000,-1.863184000,-2.090994000,-2.285882000,-2.484625000,-2.725332000,-3.040620000,-3.451264000,-3.962612000,-4.563815000,-5.230678000,-5.930196000,-6.625485000,-7.280271000,-7.862088000,-8.345018000,-8.711612000,-8.953819000,-9.074157000,-9.084935000,-9.006337000,-8.862576000,-8.677159000,-8.467956000,-8.243977000,-8.005743000,-7.746865000,-7.458766000,-7.134155000,-6.769627000,-6.366879000,-5.932231000,-5.475199000,-5.006918000,-4.538857000,-4.082020000,-3.646627000,-3.241756000,-2.874959000,-2.551772000,-2.275237000,-2.046057000,-1.861835000,-1.716139000,-1.597780000,-1.491910000,-1.382934000,-1.258736000,-1.114439000,-0.953984000
-0.953984000,-0.784626000,-0.629284000,-0.507024000,-0.431692000,-0.406760000,-0.421441000,-0.450950000,-0.461401000,-0.418763000,-0.298466000,-0.091747000,0.193119000,0.534947000,0.906650000,1.281994000,1.640248000,1.967679000,2.257444000,2.508007000,2.721313000,2.901001000,3.051581000,3.176633000,3.280183000,3.365676000,3.435512000,3.490047000,3.526902000,3.541789000,3.529895000,3.488390000,3.417945000,3.323395000,3.212825000,3.095889000,2.981496000,2.876160000,2.783038000,2.702085000,2.631188000,2.566926000,2.504783000,2.438707000,2.359898000,2.256620000,2.114345000,1.917634000,1.652646000,1.310107000,0.887622000,0.390468000,-0.169160000,-0.775058000,-1.409982000,-2.058745000,-2.709528000,-3.353688000,-3.984227000,-4.594110000,-5.175443000,-5.719922000,-6.220212000,-6.669415000,-7.060724000,-7.385444000,-7.632621000,-7.791076000,-7.854016000,-7.822356000,-7.707687000,-7.530282000,-7.313993000,-7.078985000,-6.836157000,-6.585498000,-6.319044000,-6.026876000,-5.702087000,-5.343433000,-4.955516000,-4.546190000,-4.124269000,-3.697938000,-3.274652000,-2.862451000,-2.471055000,-2.111867000,-1.796191000,-1.532299000,-1.322640000,-1.162855000,-1.043241000,-0.951908000,-0.877561000,-0.811219000,-0.746763000,-0.680840000,-0.612765000,-0.544278000,-0.478616000
-0.478616000,-0.419916000,-0.371164000,-0.333889000,-0.306738000,-0.283889000,-0.253633000,-0.198322000,-0.097378000,0.067079000,0.303936000,0.609407000,0.967419000,1.353702000,1.741870000,2.108688000,2.437582000,2.719589000,2.952633000,3.139706000,3.286803000,3.401085000,3.489590000,3.558547000,3.613002000,3.656407000,3.689864000,3.711261000,3.715674000,3.696273000,3.646541000,3.562807000,3.445757000,3.300946000,3.137476000,2.965926000,2.796254000,2.636335000,2.491363000,2.363843000,2.253632000,2.157817000,2.070172000,1.980805000,1.876640000,1.742763000,1.565162000,1.333165000,1.041256000,0.689347000,0.281819000,-0.174441000,-0.672510000,-1.207201000,-1.775722000,-2.377053000,-3.010267000,-3.672703000,-4.358703000,-5.058516000,-5.758153000,-6.439859000,-7.082755000,-7.664996000,-8.165841000,-8.568512000,-8.862187000,-9.042802000,-9.112714000,-9.079670000,-8.955837000,-8.757303000,-8.503310000,-8.214575000,-7.910281000,-7.604847000,-7.305704000,-7.013594000,-6.724724000,-6.433944000,-6.137587000,-5.834847000,-5.527620000,-5.218888000,-4.910937000,-4.604072000,-4.297107000,-3.988912000,-3.680807000,-3.378277000,-3.090884000,-2.830239000,-2.606861000,-2.426561000,-2.287938000,-2.181897000,-2.093424000,-2.006148000,-1.907485000,-1.793108000,-1.668384000
-1.668384000,-1.549775000,-1.444542000,-1.359156000,-1.289927000,-1.221271000,-1.129231000,-0.988988000,-0.783762000,-0.511270000,-0.184528000,0.172912000,0.533886000,0.874396000,1.178093000,1.438004000,1.655560000,1.837939000,1.994331000,2.132696000,2.257824000,2.371025000,2.471435000,2.557453000,2.627739000,2.681622000,2.718807000,2.738615000,2.739838000,2.720977000,2.681197000,2.621606000,2.545885000,2.460182000,2.371418000,2.285688000,2.205799000,2.130951000,2.057292000,1.979446000,1.892189000,1.791091000,1.672154000,1.530909000,1.360946000,1.154341000,0.902297000,0.597216000,0.235017000,-0.183445000,-0.652286000,-1.161911000,-1.701719000,-2.262796000,-2.839869000,-3.431430000,-4.038157000,-4.659344000,-5.289840000,-5.916973000,-6.521237000,-7.079769000,-7.571546000,-7.982119000,-8.305663000,-8.543855000,-8.702870000,-8.789817000,-8.810774000,-8.769970000,-8.670551000,-8.516356000,-8.313071000,-8.069407000,-7.797155000,-7.509942000,-7.221601000,-6.943909000,-6.683722000,-6.441691000,-6.211501000,-5.982378000,-5.742604000,-5.484076000,-5.205309000,-4.912097000,-4.615591000,-4.328986000,-4.064500000,-3.831761000,-3.637908000,-3.489039000,-3.390706000,-3.346644000,-3.355428000,-3.407799000,-3.486134000,-3.566843000,-3.625251000,-3.641005000,-3.602421000
-4.747604000,-4.654152000,-4.504563000,-4.306077000,-4.070061000,-3.808773000,-3.532254000,-3.245941000,-2.950480000,-2.643420000,-2.321965000,-1.985330000,-1.635544000,-1.277019000,-0.914935000,-0.553755000,-0.196281000,0.156179000,0.503392000,0.845069000,1.180499000,1.508163000,1.826129000,2.132404000,2.425182000,2.702986000,2.964349000,3.207869000,3.432185000,3.636296000,3.819614000,3.981790000,4.122513000,4.240684000,4.333937000,4.398252000,4.427948000,4.416400000,4.357094000,4.245051000,4.078042000,3.857457000,3.588047000,3.277050000,2.932147000,2.559395000,2.161546000,1.737720000,1.284859000,0.800620000,0.286690000,-0.248743000,-0.790672000,-1.319695000,-1.816799000,-2.268772000,-2.672714000,-3.037769000,-3.383407000,-3.734316000,-4.113738000,-4.537383000,-5.008922000,-5.518549000,-6.044188000,-6.555291000,-7.018171000,-7.401608000,-7.682261000,-7.848058000,-7.899406000,-7.848026000,-7.713418000,-7.518135000,-7.282959000,-7.023190000,-6.747105000,-6.456699000,-6.149797000,-5.822801000,-5.473202000,-5.101275000,-4.711059000,-4.310464000,-3.910683000,-3.524913000,-3.166946000,-2.849506000,-2.582676000,-2.372318000,-2.219506000,-2.119435000,-2.063010000,-2.038145000,-2.031447000,-2.029906000,-2.022542000,-2.001644000,-1.964174000,-1.911594000,-1.849486000
-1.849486000,-1.784704000,-1.727847000,-1.686475000,-1.663533000,-1.655218000,-1.649919000,-1.629298000,-1.571665000,-1.457522000,-1.275566000,-1.026513000,-0.723280000,-0.387430000,-0.043588000,0.286440000,0.587785000,0.854094000,1.086727000,1.291908000,1.477316000,1.648741000,1.808294000,1.953713000,2.079155000,2.176817000,2.238675000,2.258389000,2.232627000,2.161635000,2.049637000,1.904336000,1.736101000,1.556412000,1.376207000,1.203854000,1.043890000,0.896762000,0.759631000,0.628045000,0.497717000,0.365245000,0.228155000,0.083563000,-0.073419000,-0.250708000,-0.459020000,-0.710081000,-1.014129000,-1.376671000,-1.797690000,-2.271398000,-2.788562000,-3.340318000,-3.920368000,-4.526427000,-5.158813000,-5.816751000,-6.494176000,-7.176840000,-7.841930000,-8.461088000,-9.005651000,-9.452456000,-9.788072000,-10.010209000,-10.126188000,-10.149089000,-10.093890000,-9.974244000,-9.801435000,-9.584788000,-9.332757000,-9.053632000,-8.755546000,-8.445391000,-8.128085000,-7.805667000,-7.477325000,-7.139902000,-6.788602000,-6.418637000,-6.026906000,-5.613555000,-5.182866000,-4.743530000,-4.307760000,-3.889575000,-3.503298000,-3.160753000,-2.870145000,-2.634787000,-2.453111000,-2.318945000,-2.222238000,-2.150045000,-2.087826000,-2.021056000,-1.937306000,-1.828462000,-1.692260000
-1.692260000,-1.529311000,-1.352685000,-1.176008000,-1.012037000,-0.867768000,-0.740507000,-0.616581000,-0.474098000,-0.289148000,-0.043794000,0.267875000,0.637392000,1.044316000,1.461719000,1.862938000,2.226811000,2.541058000,2.802734000,3.016273000,3.190224000,3.333822000,3.454540000,3.556888000,3.642640000,3.711387000,3.761425000,3.790433000,3.796129000,3.776769000,3.731507000,3.660631000,3.565733000,3.449605000,3.315992000,3.169256000,3.013926000,2.854446000,2.694705000,2.538269000,2.387259000,2.242442000,2.102556000,1.963868000,1.819927000,1.661687000,1.477998000,1.256560000,0.985857000,0.656892000,0.264990000,-0.188890000,-0.698491000,-1.253793000,-1.844044000,-2.460692000,-3.099414000,-3.759891000,-4.443407000,-5.148601000,-5.867586000,-6.583515000,-7.271093000,-7.899983000,-8.439906000,-8.866091000,-9.163286000,-9.327593000,-9.366029000,-9.294271000,-9.133242000,-8.905808000,-8.633952000,-8.336963000,-8.029993000,-7.723981000,-7.425436000,-7.137370000,-6.860349000,-6.593832000,-6.337267000,-6.090740000,-5.854810000,-5.630188000,-5.417402000,-5.216517000,-5.027319000,-4.849534000,-4.683450000,-4.530285000,-4.392473000,-4.273347000,-4.176651000,-4.105443000,-4.060684000,-4.040133000,-4.037254000,-4.041409000,-4.039079000,-4.015969000,-3.959521000
-3.959521000,-3.861470000,-3.718395000,-3.532624000,-3.311257000,-3.064015000,-2.800078000,-2.524902000,-2.238120000,-1.933579000,-1.602111000,-1.236142000,-0.834289000,-0.403954000,0.039249000,0.474906000,0.882938000,1.247784000,1.560771000,1.819863000,2.027614000,2.188645000,2.307446000,2.387389000,2.430766000,2.439759000,2.417297000,2.367168000,2.294088000,2.203013000,2.098142000,1.983432000,1.862286000,1.738506000,1.616759000,1.502462000,1.401181000,1.316782000,1.250184000,1.198304000,1.154504000,1.109913000,1.055315000,0.982427000,0.884332000,0.754928000,0.588171000,0.377792000,0.118215000,-0.193874000,-0.557731000,-0.967891000,-1.415932000,-1.893372000,-2.396108000,-2.927126000,-3.496406000,-4.117572000,-4.801544000,-5.550271000,-6.352218000,-7.181609000,-8.001682000,-8.771204000,-9.451557000,-10.012541000,-10.436125000,-10.717340000,-10.862817000,-10.887780000,-10.812343000,-10.658182000,-10.445480000,-10.191373000,-9.909027000,-9.607903000,-9.294658000,-8.974003000,-8.649775000,-8.325456000,-8.003851000,-7.686603000,-7.373701000,-7.062950000,-6.751583000,-6.437356000,-6.120431000,-5.804079000,-5.494264000,-5.197854000,-4.920127000,-4.663138000,-4.425354000,-4.202962000,-3.991612000,-3.787633000,-3.588424000,-3.391448000,-3.193956000,-2.993195000,-2.787033000
-2.076934000,-1.943806000,-1.780218000,-1.609842000,-1.456627000,-1.338274000,-1.260876000,-1.215842000,-1.180641000,-1.124530000,-1.017410000,-0.839256000,-0.586100000,-0.270827000,0.081785000,0.442745000,0.786911000,1.097769000,1.368876000,1.601871000,1.801980000,1.974092000,2.119743000,2.236731000,2.320356000,2.366346000,2.373111000,2.343086000,2.282473000,2.199911000,2.104681000,2.005810000,1.910653000,1.825222000,1.753690000,1.698182000,1.658131000,1.629575000,1.606386000,1.581003000,1.546390000,1.497855000,1.433328000,1.352775000,1.255872000,1.139240000,0.994979000,0.810777000,0.572563000,0.268543000,-0.106454000,-0.548462000,-1.044537000,-1.576288000,-2.124997000,-2.677109000,-3.226834000,-3.775962000,-4.330203000,-4.893612000,-5.464157000,-6.030915000,-6.575000000,-7.072492000,-7.499396000,-7.835993000,-8.069985000,-8.198058000,-8.225651000,-8.165690000,-8.036280000,-7.858446000,-7.653600000,-7.440224000,-7.231282000,-7.032094000,-6.839505000,-6.643871000,-6.432403000,-6.192939000,-5.917056000,-5.601503000,-5.248187000,-4.863120000,-4.455261000,-4.035828000,-3.617870000,-3.215626000,-2.844349000,-2.517982000,-2.247818000,-2.040186000,-1.895105000,-1.806226000,-1.761288000,-1.743656000,-1.734076000,-1.713718000,-1.668031000,-1.590285000,-1.483767000
-1.483767000,-1.361583000,-1.241470000,-1.141332000,-1.072515000,-1.034614000,-1.013594000,-0.984182000,-0.916536000,-0.784736000,-0.574535000,-0.287175000,0.061537000,0.446223000,0.838786000,1.214397000,1.555612000,1.853263000,2.105253000,2.314290000,2.485024000,2.622472000,2.731133000,2.815104000,2.878450000,2.925280000,2.959263000,2.983027000,2.997418000,3.001170000,2.991466000,2.964902000,2.918821000,2.852438000,2.767403000,2.667812000,2.559299000,2.448111000,2.339836000,2.238502000,2.146176000,2.062660000,1.985831000,1.911510000,1.833380000,1.742499000,1.626779000,1.471705000,1.261849000,0.984419000,0.632686000,0.209156000,-0.274089000,-0.797799000,-1.340298000,-1.883440000,-2.417079000,-2.940846000,-3.462386000,-3.992222000,-4.537817000,-5.098277000,-5.662257000,-6.209423000,-6.714480000,-7.152169000,-7.502205000,-7.752568000,-7.901129000,-7.955447000,-7.930624000,-7.845919000,-7.720509000,-7.569771000,-7.402297000,-7.219370000,-7.016630000,-6.786997000,-6.524878000,-6.228230000,-5.899123000,-5.542616000,-5.165643000,-4.775067000,-4.377672000,-3.980601000,-3.592225000,-3.222738000,-2.883853000,-2.587181000,-2.342273000,-2.154503000,-2.024293000,-1.947131000,-1.914399000,-1.914009000,-1.931473000,-1.951378000,-1.959878000,-1.947527000,-1.911591000
-1.911591000,-1.855825000,-1.792064000,-1.734175000,-1.692909000,-1.670208000,-1.656047000,-1.629163000,-1.562835000,-1.433304000,-1.228058000,-0.950360000,-0.618081000,-0.257889000,0.102745000,0.442987000,0.752981000,1.033927000,1.294638000,1.546110000,1.795999000,2.045474000,2.288541000,2.514243000,2.709899000,2.864461000,2.970806000,3.026514000,3.033678000,2.997952000,2.927578000,2.832487000,2.723403000,2.610641000,2.502912000,2.406110000,2.322897000,2.252972000,2.193909000,2.142282000,2.094334000,2.046204000,1.993385000,1.930043000,1.847869000,1.735666000,1.579145000,1.361814000,1.067260000,0.682483000,0.201986000,-0.369194000,-1.014136000,-1.705872000,-2.411950000,-3.101125000,-3.749717000,-4.346361000,-4.892949000,-5.401762000,-5.889531000,-6.369779000,-6.846503000,-7.310735000,-7.741551000,-8.111409000,-8.393714000,-8.570329000,-8.635999000,-8.598721000,-8.476065000,-8.289657000,-8.060224000,-7.804315000,-7.533346000,-7.254403000,-6.971884000,-6.689308000,-6.410730000,-6.141005000,-5.885220000,-5.647201000,-5.428457000,-5.227059000,-5.037804000,-4.853278000,-4.666970000,-4.475251000,-4.280079000,-4.089408000,-3.915480000,-3.771867000,-3.669956000,-3.616092000,-3.609854000,-3.643382000,-3.701931000,-3.765898000,-3.814041000,-3.827497000,-3.793290000
-4.730635000,-4.721221000,-4.652485000,-4.533869000,-4.377091000,-4.192219000,-3.983824000,-3.750447000,-3.485282000,-3.179869000,-2.828657000,-2.432060000,-1.997506000,-1.538115000,-1.069647000,-0.607247000,-0.162918000,0.255825000,0.645865000,1.006996000,1.340173000,1.645787000,1.922347000,2.166441000,2.373292000,2.538078000,2.657804000,2.733446000,2.770602000,2.780607000,2.779558000,2.786179000,2.818273000,2.889189000,3.003967000,3.158192000,3.337366000,3.519095000,3.676708000,3.783870000,3.818888000,3.768147000,3.627898000,3.404007000,3.110350000,2.765348000,2.388467000,1.996828000,1.603041000,1.214114000,0.831608000,0.452348000,0.069973000,-0.324364000,-0.740747000,-1.189419000,-1.679438000,-2.217128000,-2.804546000,-3.438111000,-4.108043000,-4.798689000,-5.489565000,-6.157774000,-6.780334000,-7.337483000,-7.814238000,-8.201283000,-8.494339000,-8.692913000,-8.799464000,-8.819110000,-8.760324000,-8.635660000,-8.461331000,-8.254900000,-8.032207000,-7.804333000,-7.576608000,-7.349346000,-7.119638000,-6.883493000,-6.637414000,-6.379611000,-6.110669000,-5.833560000,-5.553759000,-5.279053000,-5.019026000,-4.784165000,-4.584679000,-4.428892000,-4.322212000,-4.264883000,-4.251382000,-4.269505000,-4.300300000,-4.321509000,-4.311990000,-4.256999000,-4.152677000
-4.152677000,-4.004461000,-3.831077000,-3.654047000,-3.491293000,-3.349773000,-3.221697000,-3.085587000,-2.913137000,-2.678788000,-2.368732000,-1.985014000,-1.544106000,-1.071522000,-0.594793000,-0.137372000,0.285074000,0.665342000,1.003247000,1.302344000,1.566889000,1.799581000,2.000922000,2.169725000,2.304105000,2.402686000,2.465172000,2.492344000,2.485915000,2.448266000,2.382457000,2.292599000,2.184360000,2.064976000,1.942605000,1.824923000,1.717699000,1.623502000,1.541345000,1.467385000,1.395848000,1.320199000,1.234054000,1.131060000,1.004915000,0.848814000,0.655456000,0.417422000,0.128216000,-0.216417000,-0.617551000,-1.072925000,-1.577439000,-2.124645000,-2.707730000,-3.320305000,-3.956021000,-4.607745000,-5.266611000,-5.921447000,-6.559324000,-7.166831000,-7.731293000,-8.241821000,-8.689303000,-9.065862000,-9.364412000,-9.578973000,-9.705451000,-9.743254000,-9.696354000,-9.573688000,-9.388496000,-9.156059000,-8.891672000,-8.608287000,-8.315724000,-8.020638000,-7.727070000,-7.437003000,-7.150635000,-6.866560000,-6.581870000,-6.292993000,-5.996704000,-5.691466000,-5.378864000,-5.064759000,-4.759406000,-4.476500000,-4.230750000,-4.034707000,-3.895855000,-3.814775000,-3.784175000,-3.789746000,-3.811819000,-3.828390000,-3.818682000,-3.766854000,-3.665151000
-3.665151000,-3.510469000,-3.315570000,-3.097903000,-2.876600000,-2.666217000,-2.470584000,-2.280241000,-2.074680000,-1.829739000,-1.527336000,-1.162215000,-0.744452000,-0.296001000,0.155521000,0.583858000,0.970070000,1.306013000,1.594232000,1.843099000,2.058579000,2.243741000,2.403900000,2.543790000,2.665103000,2.767092000,2.847825000,2.905295000,2.937356000,2.942215000,2.918637000,2.866747000,2.788535000,2.688273000,2.572137000,2.447119000,2.319738000,2.194792000,2.074623000,1.959759000,1.849450000,1.742069000,1.635033000,1.524088000,1.402597000,1.261384000,1.089355000,0.875551000,0.611261000,0.291815000,-0.082918000,-0.509941000,-0.985608000,-1.507973000,-2.078296000,-2.700340000,-3.377963000,-4.111380000,-4.893187000,-5.705692000,-6.520710000,-7.302870000,-8.015705000,-8.628680000,-9.122760000,-9.492425000,-9.743734000,-9.889413000,-9.943374000,-9.916885000,-9.817469000,-9.650489000,-9.421999000,-9.140653000,-8.817823000,-8.465846000,-8.095928000,-7.716605000,-7.333560000,-6.950061000,-6.567358000,-6.185395000,-5.802845000,-5.417567000,-5.026894000,-4.628410000,-4.220491000,-3.804499000,-3.385997000,-2.975913000,-2.590092000,-2.247009000,-1.963711000,-1.751456000,-1.612107000,-1.536088000,-1.502388000,-1.482130000,-1.444636000,-1.365312000,-1.232194000
-1.232194000,-1.045158000,-0.823979000,-0.595453000,-0.387015000,-0.218340000,-0.094095000,-0.001718000,0.085753000,0.201321000,0.373631000,0.618146000,0.932827000,1.299944000,1.692449000,2.082348000,2.447123000,2.772871000,3.053642000,3.288840000,3.480883000,3.633858000,3.753562000,3.847408000,3.923311000,3.987610000,4.042427000,4.084651000,4.106898000,4.100773000,4.060393000,3.984849000,3.878635000,3.750003000,3.608601000,3.463389000,3.321613000,3.188458000,3.067080000,2.958161000,2.859423000,2.764371000,2.662180000,2.538335000,2.376448000,2.161400000,1.883230000,1.540545000,1.142975000,0.710882000,0.272132000,-0.144023000,-0.514979000,-0.832219000,-1.106301000,-1.367801000,-1.661673000,-2.037564000,-2.537098000,-3.181772000,-3.966359000,-4.858519000,-5.804842000,-6.741900000,-7.607986000,-8.353640000,-8.947489000,-9.377339000,-9.647567000,-9.773306000,-9.775532000,-9.676607000,-9.497555000,-9.256485000,-8.967318000,-8.639137000,-8.276805000,-7.882500000,-7.458207000,-7.007440000,-6.536090000,-6.051921000,-5.563769000,-5.079639000,-4.607349000,-4.154224000,-3.727916000,-3.337021000,-2.990894000,-2.698572000,-2.466488000,-2.295753000,-2.180537000,-2.108026000,-2.060239000,-2.017234000,-1.960777000,-1.877721000,-1.762147000,-1.616043000,-1.447910000
-3.239419000,-3.134942000,-2.994654000,-2.832405000,-2.666419000,-2.511911000,-2.376248000,-2.256487000,-2.140477000,-2.012052000,-1.856740000,-1.667189000,-1.445261000,-1.201480000,-0.950246000,-0.705126000,-0.473789000,-0.256227000,-0.045623000,0.168420000,0.396069000,0.644128000,0.914174000,1.202485000,1.500935000,1.798320000,2.081797000,2.338567000,2.557251000,2.729488000,2.850959000,2.920875000,2.941569000,2.916580000,2.849790000,2.745233000,2.607543000,2.442464000,2.257076000,2.059301000,1.856956000,1.656490000,1.462386000,1.276205000,1.096502000,0.918518000,0.733882000,0.530818000,0.295231000,0.012731000,-0.328090000,-0.732679000,-1.198837000,-1.717151000,-2.273496000,-2.852681000,-3.441871000,-4.032381000,-4.619781000,-5.201774000,-5.775793000,-6.336819000,-6.876739000,-7.384116000,-7.845284000,-8.245551000,-8.571132000,-8.811423000,-8.961713000,-9.024819000,-9.010837000,-8.934903000,-8.813599000,-8.660981000,-8.485675000,-8.290463000,-8.072673000,-7.826885000,-7.546450000,-7.226398000,-6.863999000,-6.459361000,-6.015531000,-5.538778000,-5.039228000,-4.531195000,-4.033237000,-3.565670000,-3.147732000,-2.793358000,-2.508514000,-2.291043000,-2.133250000,-2.025188000,-1.956722000,-1.917200000,-1.894517000,-1.874641000,-1.843185000,-1.788331000,-1.704133000
-1.704133000,-1.593062000,-1.464602000,-1.333413000,-1.214436000,-1.116737000,-1.038294000,-0.963720000,-0.866997000,-0.718956000,-0.496561000,-0.190258000,0.192893000,0.631510000,1.096054000,1.556164000,1.986940000,2.372046000,2.703680000,2.980805000,3.206121000,3.384136000,3.519713000,3.618035000,3.684355000,3.724106000,3.742092000,3.741764000,3.724424000,3.689279000,3.634208000,3.557104000,3.457662000,3.338287000,3.204369000,3.063316000,2.923025000,2.790113000,2.669167000,2.562358000,2.469691000,2.389224000,2.316928000,2.246499000,2.169001000,2.072958000,1.945010000,1.771005000,1.538084000,1.236825000,0.863035000,0.418880000,-0.087904000,-0.645814000,-1.242526000,-1.867256000,-2.512612000,-3.174332000,-3.849868000,-4.535582000,-5.224359000,-5.904270000,-6.559041000,-7.169816000,-7.716849000,-8.181790000,-8.549626000,-8.811268000,-8.965720000,-9.021358000,-8.994455000,-8.905275000,-8.773088000,-8.611514000,-8.426196000,-8.215429000,-7.973198000,-7.692799000,-7.369169000,-7.000742000,-6.589239000,-6.138568000,-5.654995000,-5.146917000,-4.625478000,-4.104854000,-3.601938000,-3.134674000,-2.719182000,-2.366360000,-2.079847000,-1.855888000,-1.685403000,-1.556307000,-1.455185000,-1.367802000,-1.279723000,-1.177788000,-1.052793000,-0.902570000,-0.734394000
-0.734394000,-0.566778000,-0.422043000,-0.325101000,-0.294286000,-0.333608000,-0.427703000,-0.542443000,-0.632289000,-0.652436000,-0.571618000,-0.379585000,-0.087855000,0.275858000,0.676455000,1.080362000,1.461871000,1.806276000,2.109198000,2.373312000,2.604345000,2.807405000,2.985196000,3.137985000,3.264559000,3.363123000,3.431997000,3.469503000,3.474021000,3.444171000,3.379936000,3.283685000,3.161120000,3.020977000,2.873491000,2.728506000,2.593323000,2.471735000,2.364191000,2.268771000,2.182217000,2.100527000,2.018586000,1.929476000,1.823541000,1.688540000,1.510860000,1.277955000,0.980862000,0.616547000,0.188682000,-0.293026000,-0.815353000,-1.364872000,-1.931058000,-2.508528000,-3.097252000,-3.700788000,-4.323114000,-4.964872000,-5.620111000,-6.274929000,-6.908774000,-7.497600000,-8.018767000,-8.455034000,-8.797218000,-9.044026000,-9.200060000,-9.273028000,-9.271377000,-9.203376000,-9.077218000,-8.901543000,-8.685355000,-8.437316000,-8.164652000,-7.872479000,-7.564009000,-7.241360000,-6.906323000,-6.561105000,-6.208731000,-5.853104000,-5.499112000,-5.152776000,-4.821398000,-4.513633000,-4.238783000,-4.005906000,-3.821997000,-3.690408000,-3.609689000,-3.573061000,-3.568726000,-3.580770000,-3.591347000,-3.583301000,-3.543416000,-3.464641000,-3.347667000
-3.347667000,-3.201701000,-3.038787000,-2.873575000,-2.718129000,-2.577869000,-2.448934000,-2.318340000,-2.167425000,-1.977594000,-1.735291000,-1.436004000,-1.085181000,-0.696611000,-0.289416000,0.116144000,0.502705000,0.858633000,1.178700000,1.463246000,1.715992000,1.941782000,2.144691000,2.327048000,2.489022000,2.628849000,2.743514000,2.829450000,2.883968000,2.906152000,2.897754000,2.863576000,2.810619000,2.746880000,2.679759000,2.614577000,2.553804000,2.497160000,2.442396000,2.386375000,2.325711000,2.257782000,2.179655000,2.087816000,1.977401000,1.841687000,1.672282000,1.460120000,1.197111000,0.877929000,0.501953000,0.073895000,-0.396580000,-0.896350000,-1.411781000,-1.931246000,-2.447119000,-2.956305000,-3.458748000,-3.954755000,-4.442010000,-4.914021000,-5.359327000,-5.764030000,-6.114893000,-6.402353000,-6.622943000,-6.779202000,-6.878531000,-6.930608000,-6.945485000,-6.931925000,-6.897158000,-6.846969000,-6.786038000,-6.717481000,-6.642113000,-6.557725000,-6.458491000,-6.336034000,-6.181331000,-5.987231000,-5.751534000,-5.478384000,-5.177939000,-4.865695000,-4.559857000,-4.278678000,-4.038591000,-3.851683000,-3.725564000,-3.663273000,-3.664235000,-3.724733000,-3.837760000,-3.992366000,-4.173507000,-4.362822000,-4.540109000,-4.685685000,-4.782818000
-2.728476000,-2.605457000,-2.450661000,-2.280298000,-2.110933000,-1.954781000,-1.815804000,-1.688419000,-1.559273000,-1.411573000,-1.230118000,-1.005260000,-0.733830000,-0.418061000,-0.063409000,0.323032000,0.732521000,1.153710000,1.571874000,1.969045000,2.326036000,2.625318000,2.853984000,3.005740000,3.081099000,3.086268000,3.031299000,2.928258000,2.789775000,2.628330000,2.455561000,2.281882000,2.116051000,1.964765000,1.832585000,1.721766000,1.632420000,1.562420000,1.507840000,1.463145000,1.421626000,1.375979000,1.318123000,1.239161000,1.129252000,0.977747000,0.774570000,0.511977000,0.186668000,-0.199037000,-0.636892000,-1.115570000,-1.623363000,-2.151852000,-2.698173000,-3.265007000,-3.857950000,-4.481145000,-5.132471000,-5.799991000,-6.461419000,-7.086934000,-7.644966000,-8.108974000,-8.463269000,-8.704855000,-8.841791000,-8.888915000,-8.862521000,-8.776764000,-8.642635000,-8.468774000,-8.263121000,-8.033515000,-7.786970000,-7.528054000,-7.257922000,-6.974477000,-6.673490000,-6.350629000,-6.002770000,-5.628767000,-5.229604000,-4.807809000,-4.367092000,-3.912444000,-3.450883000,-2.992751000,-2.552615000,-2.148539000,-1.799442000,-1.520810000,-1.320076000,-1.194353000,-1.130204000,-1.106303000,-1.097618000,-1.080854000,-1.039151000,-0.964552000,-0.858657000
-0.858657000,-0.729118000,-0.589958000,-0.455718000,-0.337843000,-0.240754000,-0.158960000,-0.076577000,0.029301000,0.182101000,0.398199000,0.681272000,1.020747000,1.394932000,1.777237000,2.142679000,2.472379000,2.755468000,2.988246000,3.172891000,3.315618000,3.424929000,3.509658000,3.576949000,3.629911000,3.667114000,3.682777000,3.668787000,3.617711000,3.525415000,3.392619000,3.225382000,3.034023000,2.831561000,2.631740000,2.446877000,2.286272000,2.155104000,2.054267000,1.980718000,1.928892000,1.891025000,1.857945000,1.818754000,1.760507000,1.668578000,1.528057000,1.326263000,1.055885000,0.717385000,0.319343000,-0.123126000,-0.592621000,-1.074103000,-1.559477000,-2.048923000,-2.550143000,-3.073942000,-3.628232000,-4.212234000,-4.813175000,-5.407288000,-5.964728000,-6.456949000,-6.863697000,-7.176782000,-7.399450000,-7.542264000,-7.617480000,-7.634537000,-7.599259000,-7.515557000,-7.388651000,-7.226950000,-7.041173000,-6.841142000,-6.632225000,-6.413791000,-6.180417000,-5.924936000,-5.641666000,-5.328463000,-4.986901000,-4.621573000,-4.239258000,-3.849173000,-3.463734000,-3.098836000,-2.772976000,-2.504563000,-2.308098000,-2.190889000,-2.150567000,-2.174587000,-2.240959000,-2.321595000,-2.387839000,-2.416978000,-2.398157000,-2.334816000,-2.242807000
-2.242807000,-2.145539000,-2.062270000,-2.004714000,-1.971590000,-1.948036000,-1.909206000,-1.827128000,-1.678588000,-1.451715000,-1.148727000,-0.784497000,-0.381654000,0.035122000,0.444189000,0.830021000,1.184107000,1.504008000,1.791525000,2.050319000,2.284360000,2.496990000,2.690785000,2.867413000,3.027130000,3.168256000,3.286566000,3.375473000,3.427487000,3.436459000,3.400290000,3.322593000,3.212489000,3.082649000,2.946037000,2.812846000,2.688825000,2.575257000,2.470381000,2.371121000,2.274298000,2.176704000,2.074551000,1.962052000,1.830729000,1.669689000,1.467223000,1.213529000,0.903479000,0.538656000,0.127258000,-0.318233000,-0.785083000,-1.264492000,-1.754839000,-2.261899000,-2.796315000,-3.368672000,-3.983258000,-4.633379000,-5.299489000,-5.951432000,-6.554317000,-7.075817000,-7.492759000,-7.794697000,-7.984069000,-8.072746000,-8.077478000,-8.015556000,-7.901609000,-7.747075000,-7.561073000,-7.351598000,-7.126368000,-6.892268000,-6.654277000,-6.414423000,-6.171601000,-5.922297000,-5.662267000,-5.387940000,-5.097897000,-4.792403000,-4.473846000,-4.146031000,-3.814617000,-3.488036000,-3.178637000,-2.901853000,-2.674623000,-2.512140000,-2.424216000,-2.412163000,-2.466798000,-2.567515000,-2.684509000,-2.783916000,-2.835010000,-2.816799000,-2.721699000
-3.413197000,-3.392353000,-3.338962000,-3.254010000,-3.138674000,-2.993250000,-2.815068000,-2.597907000,-2.332084000,-2.007205000,-1.616785000,-1.163050000,-0.659621000,-0.130861000,0.392502000,0.879576000,1.305466000,1.655317000,1.925323000,2.121214000,2.254869000,2.340419000,2.391203000,2.417427000,2.425529000,2.418357000,2.396153000,2.357966000,2.303061000,2.231951000,2.147562000,2.055358000,1.962798000,1.877824000,1.806620000,1.752269000,1.714182000,1.689070000,1.672534000,1.660692000,1.650733000,1.640591000,1.627487000,1.606500000,1.569295000,1.503636000,1.394220000,1.224684000,0.980967000,0.654860000,0.246865000,-0.232915000,-0.766824000,-1.333817000,-1.914991000,-2.497621000,-3.078297000,-3.661986000,-4.259000000,-4.880257000,-5.531932000,-6.210938000,-6.902273000,-7.579676000,-8.209189000,-8.755681000,-9.189861000,-9.494058000,-9.664979000,-9.712560000,-9.655926000,-9.518699000,-9.323860000,-9.091629000,-8.838069000,-8.574801000,-8.309015000,-8.043590000,-7.778039000,-7.509914000,-7.236861000,-6.958417000,-6.676361000,-6.394124000,-6.115192000,-5.841587000,-5.573763000,-5.311659000,-5.057047000,-4.815328000,-4.595871000,-4.410402000,-4.269815000,-4.180315000,-4.141530000,-4.145569000,-4.178101000,-4.221342000,-4.258010000,-4.275195000,-4.266579000
-4.266579000,-4.232152000,-4.175488000,-4.100176000,-4.007259000,-3.893350000,-3.750520000,-3.567428000,-3.331656000,-3.033423000,-2.669890000,-2.247813000,-1.783896000,-1.301794000,-0.826840000,-0.380634000,0.022859000,0.378050000,0.686143000,0.951873000,1.180420000,1.375609000,1.539644000,1.673733000,1.779290000,1.857598000,1.910414000,1.938785000,1.943065000,1.923711000,1.882928000,1.825081000,1.757320000,1.688490000,1.627392000,1.580584000,1.551240000,1.538335000,1.537430000,1.542053000,1.545727000,1.542376000,1.527001000,1.494741000,1.439673000,1.354090000,1.228389000,1.052425000,0.817849000,0.520784000,0.163594000,-0.244690000,-0.690735000,-1.160101000,-1.642285000,-2.133105000,-2.636315000,-3.161712000,-3.720893000,-4.321330000,-4.961234000,-5.626640000,-6.292208000,-6.925939000,-7.495790000,-7.975732000,-8.349775000,-8.612943000,-8.769231000,-8.828841000,-8.805153000,-8.712901000,-8.567471000,-8.384407000,-8.178595000,-7.962322000,-7.743561000,-7.525473000,-7.307023000,-7.085028000,-6.855788000,-6.616053000,-6.363348000,-6.095726000,-5.811964000,-5.512020000,-5.198030000,-4.875298000,-4.552622000,-4.241327000,-3.953299000,-3.698537000,-3.483073000,-3.307929000,-3.168643000,-3.055729000,-2.955852000,-2.854227000,-2.738168000,-2.600115000,-2.439927000
-2.439927000,-2.263820000,-2.085040000,-1.918589000,-1.777853000,-1.670194000,-1.592778000,-1.530503000,-1.457520000,-1.343368000,-1.161506000,-0.897397000,-0.552710000,-0.144228000,0.301332000,0.754668000,1.190249000,1.590145000,1.945020000,2.252411000,2.514243000,2.733908000,2.914353000,3.058122000,3.166680000,3.241412000,3.283962000,3.296067000,3.279419000,3.235010000,3.164062000,3.068650000,2.952947000,2.823963000,2.690896000,2.563234000,2.448582000,2.350797000,2.269297000,2.199946000,2.136476000,2.072292000,2.001359000,1.918153000,1.816474000,1.688530000,1.524627000,1.314410000,1.049476000,0.726595000,0.349804000,-0.069717000,-0.516491000,-0.975804000,-1.439063000,-1.907395000,-2.391954000,-2.910359000,-3.480025000,-4.110415000,-4.796627000,-5.517014000,-6.235812000,-6.910414000,-7.501113000,-7.979358000,-8.332466000,-8.563419000,-8.686269000,-8.720099000,-8.683438000,-8.591017000,-8.453290000,-8.277421000,-8.068542000,-7.830402000,-7.565841000,-7.276349000,-6.962302000,-6.623380000,-6.259115000,-5.870123000,-5.457894000,-5.025496000,-4.577195000,-4.118584000,-3.657539000,-3.205098000,-2.775242000,-2.383668000,-2.043675000,-1.763219000,-1.543029000,-1.377271000,-1.255643000,-1.165632000,-1.093512000,-1.025060000,-0.947361000,-0.851175000,-0.734112000
-1.114587000,-0.993570000,-0.899811000,-0.845892000,-0.836743000,-0.867674000,-0.923907000,-0.982102000,-1.013772000,-0.990030000,-0.887464000,-0.693671000,-0.410792000,-0.055726000,0.344588000,0.759103000,1.159901000,1.526939000,1.849984000,2.127580000,2.364794000,2.570396000,2.754085000,2.924439000,3.086869000,3.242627000,3.389067000,3.521568000,3.636290000,3.733042000,3.816390000,3.894570000,3.975966000,4.064666000,4.156801000,4.239599000,4.293317000,4.295859000,4.228161000,4.079059000,3.847715000,3.543574000,3.183867000,2.789262000,2.379264000,1.968240000,1.563024000,1.162987000,0.762106000,0.352417000,-0.072316000,-0.514381000,-0.972169000,-1.442273000,-1.922853000,-2.416312000,-2.929581000,-3.471436000,-4.047893000,-4.657316000,-5.288076000,-5.920028000,-6.528624000,-7.090429000,-7.587278000,-8.007477000,-8.345408000,-8.599513000,-8.771793000,-8.866349000,-8.889137000,-8.847834000,-8.751946000,-8.612689000,-8.441966000,-8.250562000,-8.046258000,-7.832781000,-7.609390000,-7.373452000,-7.121533000,-6.851106000,-6.561014000,-6.251262000,-5.923306000,-5.580236000,-5.228071000,-4.875863000,-4.535624000,-4.220686000,-3.943266000,-3.712019000,-3.530308000,-3.395018000,-3.296964000,-3.222368000,-3.155696000,-3.082906000,-2.994266000,-2.885511000,-2.757504000
-2.757504000,-2.611423000,-2.457760000,-2.304784000,-2.159210000,-2.023537000,-1.893467000,-1.756667000,-1.593978000,-1.383844000,-1.109088000,-0.763568000,-0.356093000,0.090812000,0.547002000,0.982592000,1.374437000,1.709234000,1.983246000,2.199885000,2.367121000,2.495199000,2.594715000,2.675092000,2.743090000,2.801594000,2.849442000,2.882187000,2.894114000,2.880574000,2.839733000,2.773591000,2.687552000,2.588773000,2.484419000,2.380160000,2.279577000,2.184420000,2.095214000,2.011525000,1.931946000,1.853709000,1.772117000,1.680200000,1.568631000,1.426122000,1.240736000,1.001576000,0.701108000,0.337527000,-0.084208000,-0.552880000,-1.053345000,-1.570552000,-2.093877000,-2.620276000,-3.154635000,-3.706932000,-4.287187000,-4.899541000,-5.538161000,-6.186513000,-6.820182000,-7.411909000,-7.937180000,-8.377876000,-8.723707000,-8.971755000,-9.124890000,-9.190613000,-9.179615000,-9.104815000,-8.979706000,-8.815778000,-8.620914000,-8.397985000,-8.145435000,-7.859612000,-7.537147000,-7.176793000,-6.780658000,-6.354147000,-5.905379000,-5.444273000,-4.981401000,-4.527668000,-4.094474000,-3.694191000,-3.339730000,-3.043163000,-2.813083000,-2.651993000,-2.554845000,-2.508847000,-2.495198000,-2.492027000,-2.478239000,-2.437158000,-2.359160000,-2.242331000,-2.092059000
-2.092059000,-1.918713000,-1.737849000,-1.565549000,-1.415525000,-1.294501000,-1.198445000,-1.111091000,-1.006515000,-0.855459000,-0.634069000,-0.331417000,0.046592000,0.479346000,0.937719000,1.391941000,1.818241000,2.202218000,2.538404000,2.827861000,3.074883000,3.284037000,3.458595000,3.599904000,3.707681000,3.780962000,3.819137000,3.821519000,3.787723000,3.719227000,3.620150000,3.497371000,3.359567000,3.215460000,3.072369000,2.935192000,2.806198000,2.686049000,2.574826000,2.472600000,2.379325000,2.293261000,2.209569000,2.119140000,2.008733000,1.862530000,1.664833000,1.402993000,1.070287000,0.667476000,0.203083000,-0.308873000,-0.852364000,-1.414071000,-1.987780000,-2.576186000,-3.189638000,-3.841086000,-4.539016000,-5.280272000,-6.046065000,-6.803141000,-7.510058000,-8.126490000,-8.622249000,-8.982684000,-9.208870000,-9.313370000,-9.314017000,-9.228438000,-9.071266000,-8.854518000,-8.589939000,-8.290490000,-7.970057000,-7.641079000,-7.312498000,-6.988989000,-6.672214000,-6.362990000,-6.062913000,-5.774296000,-5.499029000,-5.236882000,-4.984775000,-4.737739000,-4.491612000,-4.246242000,-4.007278000,-3.785463000,-3.593386000,-3.440966000,-3.331543000,-3.260172000,-3.214307000,-3.176276000,-3.128103000,-3.055567000,-2.951502000,-2.816408000,-2.657369000
-2.657369000,-2.486434000,-2.315902000,-2.157422000,-2.018392000,-1.898916000,-1.789942000,-1.673776000,-1.527431000,-1.328778000,-1.063265000,-0.729664000,-0.341071000,0.078455000,0.500852000,0.901268000,1.262867000,1.577879000,1.846107000,2.071446000,2.259376000,2.414944000,2.542186000,2.643851000,2.721538000,2.775939000,2.806874000,2.814010000,2.797488000,2.758427000,2.699275000,2.624064000,2.537845000,2.446038000,2.354091000,2.266908000,2.188686000,2.122590000,2.070163000,2.030850000,2.001215000,1.974800000,1.942286000,1.892162000,1.811680000,1.687818000,1.509316000,1.267680000,0.959335000,0.586839000,0.158691000,-0.312753000,-0.814627000,-1.337261000,-1.876234000,-2.432457000,-3.010111000,-3.613206000,-4.242295000,-4.892440000,-5.551754000,-6.201782000,-6.819523000,-7.380706000,-7.864266000,-8.256763000,-8.554353000,-8.761778000,-8.888654000,-8.944645000,-8.935469000,-8.862483000,-8.725422000,-8.527225000,-8.278003000,-7.995658000,-7.703010000,-7.421933000,-7.167447000,-6.942572000,-6.738650000,-6.537704000,-6.318458000,-6.063109000,-5.763130000,-5.421663000,-5.052738000,-4.677317000,-4.317608000,-3.993151000,-3.717726000,-3.498565000,-3.336097000,-3.224138000,-3.150222000,-3.097074000,-3.045893000,-2.980607000,-2.891577000,-2.777711000,-2.645831000
-5.242326000,-5.170640000,-5.035347000,-4.835618000,-4.575160000,-4.260434000,-3.899274000,-3.500937000,-3.076740000,-2.640736000,-2.209311000,-1.799643000,-1.426965000,-1.101611000,-0.826218000,-0.594637000,-0.392090000,-0.197477000,0.013051000,0.261572000,0.563444000,0.923117000,1.331891000,1.768268000,2.201601000,2.597821000,2.925592000,3.162434000,3.298450000,3.338072000,3.299774000,3.213689000,3.117187000,3.048906000,3.041669000,3.115490000,3.272131000,3.492625000,3.739170000,3.961523000,4.106613000,4.129384000,4.001976000,3.719697000,3.301327000,2.784478000,2.216322000,1.642372000,1.096115000,0.592746000,0.128284000,-0.315906000,-0.765060000,-1.242407000,-1.762773000,-2.330189000,-2.939449000,-3.580293000,-4.241471000,-4.913105000,-5.586215000,-6.250535000,-6.892016000,-7.491850000,-8.028429000,-8.480666000,-8.832043000,-9.073575000,-9.205053000,-9.233890000,-9.173023000,-9.038043000,-8.845119000,-8.609471000,-8.344633000,-8.061961000,-7.770085000,-7.474670000,-7.178515000,-6.882210000,-6.585422000,-6.288358000,-5.993160000,-5.704591000,-5.429352000,-5.174644000,-4.946029000,-4.746029000,-4.574046000,-4.427513000,-4.303839000,-4.202157000,-4.123997000,-4.072109000,-4.048625000,-4.052692000,-4.078934000,-4.117539000,-4.156109000,-4.182590000,-4.188274000
-4.188274000,-4.168430000,-4.123851000,-4.058318000,-3.974271000,-3.868826000,-3.732120000,-3.548901000,-3.303473000,-2.986320000,-2.599215000,-2.157210000,-1.685903000,-1.215312000,-0.772783000,-0.377044000,-0.035702000,0.254012000,0.501766000,0.719697000,0.918458000,1.104854000,1.281128000,1.445455000,1.593145000,1.718135000,1.814416000,1.877415000,1.904975000,1.897961000,1.860367000,1.798905000,1.722370000,1.640390000,1.562016000,1.494213000,1.440500000,1.400435000,1.370015000,1.342891000,1.311934000,1.270755000,1.214172000,1.137869000,1.037079000,0.905110000,0.732453000,0.507342000,0.217776000,-0.145267000,-0.584487000,-1.094056000,-1.659817000,-2.261965000,-2.879984000,-3.497820000,-4.107733000,-4.710876000,-5.314476000,-5.926090000,-6.548027000,-7.173085000,-7.784198000,-8.357369000,-8.866951000,-9.291452000,-9.617427000,-9.841082000,-9.966827000,-10.004230000,-9.964727000,-9.859264000,-9.697478000,-9.487825000,-9.238194000,-8.956259000,-8.649489000,-8.324821000,-7.988281000,-7.644151000,-7.294445000,-6.938332000,-6.572752000,-6.193895000,-5.799457000,-5.391026000,-4.975550000,-4.565249000,-4.175997000,-3.824606000,-3.525853000,-3.289917000,-3.120994000,-3.016039000,-2.964407000,-2.947920000,-2.942371000,-2.921251000,-2.861031000,-2.747222000,-2.579278000
-2.579278000,-2.375474000,-2.159740000,-1.963720000,-1.815791000,-1.731624000,-1.707481000,-1.718937000,-1.726117000,-1.684441000,-1.557185000,-1.325352000,-0.991716000,-0.578271000,-0.119137000,0.348731000,0.793545000,1.194297000,1.542288000,1.839326000,2.093880000,2.316557000,2.516974000,2.701883000,2.874735000,3.035713000,3.182053000,3.308494000,3.407944000,3.473019000,3.497731000,3.479299000,3.419320000,3.323837000,3.202328000,3.065762000,2.924604000,2.786829000,2.657139000,2.536854000,2.424509000,2.316917000,2.210096000,2.099944000,1.982368000,1.852890000,1.705848000,1.533613000,1.326308000,1.072332000,0.760065000,0.380531000,-0.070258000,-0.589817000,-1.170063000,-1.799740000,-2.467767000,-3.166203000,-3.890332000,-4.636782000,-5.399157000,-6.164377000,-6.911351000,-7.612762000,-8.239969000,-8.768414000,-9.182000000,-9.474902000,-9.650658000,-9.719391000,-9.694518000,-9.589858000,-9.417583000,-9.187938000,-8.909218000,-8.588751000,-8.233205000,-7.848852000,-7.441709000,-7.017675000,-6.582944000,-6.144076000,-5.708192000,-5.282890000,-4.876044000,-4.495819000,-4.150350000,-3.847562000,-3.594277000,-3.395395000,-3.253001000,-3.165865000,-3.129617000,-3.137178000,-3.179408000,-3.245597000,-3.323902000,-3.402168000,-3.469151000,-3.515802000,-3.536580000
-3.536580000,-3.528969000,-3.493883000,-3.435207000,-3.357292000,-3.262704000,-3.149730000,-3.011567000,-2.836812000,-2.612647000,-2.329269000,-1.984545000,-1.586218000,-1.151389000,-0.702687000,-0.262926000,0.149597000,0.524318000,0.858444000,1.155176000,1.420996000,1.662818000,1.886109000,2.093857000,2.286343000,2.461592000,2.616013000,2.745518000,2.846781000,2.918019000,2.959832000,2.974791000,2.967270000,2.942681000,2.906776000,2.865213000,2.823084000,2.784652000,2.752821000,2.729315000,2.713505000,2.702666000,2.691664000,2.673404000,2.639330000,2.580306000,2.487141000,2.350774000,2.162383000,1.913347000,1.596605000,1.209080000,0.755784000,0.253651000,-0.266680000,-0.763650000,-1.193223000,-1.521826000,-1.740114000,-1.872259000,-1.976039000,-2.130519000,-2.414639000,-2.883061000,-3.548726000,-4.377088000,-5.293992000,-6.203882000,-7.012546000,-7.648226000,-8.073708000,-8.289159000,-8.324053000,-8.224902000,-8.041306000,-7.814946000,-7.573959000,-7.332095000,-7.091768000,-6.848273000,-6.593920000,-6.321099000,-6.024424000,-5.702346000,-5.358256000,-5.001121000,-4.645281000,-4.308913000,-4.011176000,-3.768444000,-3.590817000,-3.479963000,-3.429137000,-3.425369000,-3.452374000,-3.493206000,-3.532387000,-3.557426000,-3.560040000,-3.536943000,-3.489756000
