-7.199796000,-4.548111000,-3.743365000,-3.049174000,-2.674968000,-2.612897000,-2.735413000,-2.833220000,-2.741129000,-2.467818000,-2.124983000,-1.773726000,-1.371608000,-0.895972000,-0.385892000,0.096402000,0.482151000,0.729386000,0.845132000,0.875120000,0.866875000,0.791739000,0.660806000,0.562595000,0.483446000,0.326554000,0.136872000,-0.037287000,-0.179453000,-0.295685000,-0.379948000,-0.355532000,-0.245352000,-0.176269000,-0.212659000,-0.272192000,-0.282525000,-0.232986000,-0.144096000,-0.070465000,-0.062908000,-0.090673000,-0.042841000,0.116997000,0.313184000,0.436775000,0.422725000,0.284389000,0.093188000,-0.127096000,-0.345127000,-0.494668000,-0.549972000,-0.535075000,-0.543233000,-0.672988000,-0.947877000,-1.297203000,-1.705930000,-2.125470000,-2.515306000,-2.940726000,-3.632117000,-4.902609000,-6.857905000,-9.272038000,-11.780829000,-14.115961000,-16.005302000,-17.208740000,-17.661480000,-17.474800000,-16.841452000,-16.051937000,-15.377939000,-14.995440000,-14.894549000,-14.911991000,-14.974770000,-15.058640000,-15.090230000,-15.094118000,-15.095172000,-14.946033000,-14.563526000,-13.916817000,-12.945885000,-11.747445000,-10.490273000,-9.271105000,-8.116458000,-7.087777000,-6.287821000,-5.776937000,-5.551613000,-5.593536000,-5.885404000,-6.374156000,-6.911244000,-7.265782000,-7.199796000
-6.494626000,-6.654878000,-5.852628000,-5.118514000,-4.566256000,-4.132393000,-3.804643000,-3.631202000,-3.584869000,-3.549541000,-3.382831000,-3.019927000,-2.482267000,-1.837956000,-1.185451000,-0.618393000,-0.161712000,0.234314000,0.586070000,0.779479000,0.788993000,0.701614000,0.628465000,0.619338000,0.595270000,0.496390000,0.329257000,0.119273000,-0.112992000,-0.313645000,-0.457518000,-0.534433000,-0.545298000,-0.528076000,-0.474115000,-0.416942000,-0.373990000,-0.304187000,-0.227957000,-0.192495000,-0.143548000,-0.024174000,0.145129000,0.283129000,0.362408000,0.444484000,0.561073000,0.676857000,0.810504000,0.954814000,1.054694000,1.096532000,1.086465000,1.012634000,0.851744000,0.611956000,0.351236000,0.048442000,-0.353579000,-0.883809000,-1.545638000,-2.464001000,-3.884742000,-5.947902000,-8.552463000,-11.421578000,-14.202812000,-16.505974000,-18.037294000,-18.713196000,-18.623878000,-17.976149000,-17.077637000,-16.200920000,-15.460394000,-14.843508000,-14.379396000,-14.197622000,-14.352160000,-14.754438000,-15.220643000,-15.551596000,-15.627450000,-15.464634000,-15.097725000,-14.449570000,-13.475158000,-12.251299000,-10.892620000,-9.526000000,-8.303457000,-7.310860000,-6.569030000,-6.108884000,-5.888317000,-5.822375000,-5.938286000,-6.274884000,-6.674329000,-6.820320000,-6.494626000
-4.954286000,-5.825348000,-5.153805000,-4.636631000,-4.236380000,-3.913069000,-3.674126000,-3.492176000,-3.311490000,-3.052059000,-2.677323000,-2.237388000,-1.767541000,-1.260511000,-0.733364000,-0.220889000,0.220230000,0.548061000,0.767967000,0.902786000,0.958455000,0.976027000,1.007878000,1.022853000,0.960532000,0.848823000,0.750681000,0.652465000,0.507509000,0.301697000,0.067128000,-0.144349000,-0.284694000,-0.338334000,-0.334731000,-0.293360000,-0.273062000,-0.255424000,-0.202397000,-0.174734000,-0.285229000,-0.542615000,-0.751232000,-0.731126000,-0.489735000,-0.133718000,0.259379000,0.629074000,0.978978000,1.335230000,1.691355000,2.022901000,2.337241000,2.616621000,2.790568000,2.807317000,2.631671000,2.281443000,1.785181000,1.195942000,0.467452000,-0.560756000,-2.037765000,-4.065838000,-6.681065000,-9.753881000,-12.908518000,-15.581457000,-17.382383000,-18.254683000,-18.340731000,-17.855394000,-17.030195000,-16.083158000,-15.228343000,-14.619276000,-14.256516000,-14.126689000,-14.245800000,-14.511342000,-14.778587000,-14.997904000,-15.117398000,-15.050420000,-14.673008000,-13.986526000,-13.083821000,-12.052981000,-10.933726000,-9.709096000,-8.461778000,-7.363984000,-6.501042000,-5.803267000,-5.139286000,-4.493797000,-4.068037000,-4.003285000,-4.236587000,-4.617234000,-4.954286000
-3.842806000,-5.040393000,-4.744898000,-4.179173000,-3.637015000,-3.313799000,-3.226910000,-3.266146000,-3.290414000,-3.173103000,-2.863412000,-2.344074000,-1.615556000,-0.720300000,0.159760000,0.860505000,1.355068000,1.686421000,1.861670000,1.877362000,1.750080000,1.533984000,1.330622000,1.177157000,1.003481000,0.647833000,0.097934000,-0.398879000,-0.700822000,-0.830284000,-0.847737000,-0.781998000,-0.620341000,-0.461597000,-0.355967000,-0.195222000,0.026766000,0.198275000,0.354613000,0.557780000,0.767080000,0.958634000,1.117322000,1.319986000,1.606139000,1.901707000,2.104239000,2.267443000,2.419280000,2.373646000,2.051976000,1.621656000,1.234723000,0.956498000,0.741543000,0.502363000,0.201016000,-0.269149000,-0.942590000,-1.703595000,-2.501411000,-3.480094000,-4.896870000,-6.970750000,-9.646492000,-12.540983000,-15.151358000,-17.080528000,-18.168682000,-18.456326000,-18.102633000,-17.370506000,-16.603346000,-16.043119000,-15.701669000,-15.485648000,-15.307854000,-15.159619000,-15.139340000,-15.350719000,-15.701438000,-15.935277000,-15.836514000,-15.244666000,-14.189103000,-12.933692000,-11.715178000,-10.718143000,-9.986645000,-9.426589000,-8.900681000,-8.342133000,-7.796382000,-7.321249000,-6.919523000,-6.524007000,-6.127156000,-5.861668000,-5.831244000,-5.881650000,-5.751274000
-5.843943000,-3.805721000,-3.659900000,-3.329509000,-2.903312000,-2.513663000,-2.205184000,-1.947747000,-1.694531000,-1.439268000,-1.126558000,-0.692157000,-0.189719000,0.309424000,0.704825000,0.963041000,1.157080000,1.224235000,1.169075000,1.056674000,0.865093000,0.685224000,0.577756000,0.529753000,0.472557000,0.379902000,0.318149000,0.304610000,0.242338000,0.172264000,0.073819000,0.035534000,0.194977000,0.450811000,0.647973000,0.757111000,0.813927000,0.929750000,1.098912000,1.214905000,1.331747000,1.552100000,1.814324000,2.014713000,2.134286000,2.182118000,2.236116000,2.339873000,2.413544000,2.409759000,2.414302000,2.488214000,2.587122000,2.647106000,2.612844000,2.468405000,2.185151000,1.690749000,0.941159000,-0.004315000,-1.100260000,-2.442271000,-4.174713000,-6.411464000,-9.075132000,-11.910831000,-14.593147000,-16.739248000,-18.092308000,-18.587248000,-18.250965000,-17.407743000,-16.553141000,-15.864859000,-15.360850000,-15.087565000,-15.034014000,-15.077937000,-15.117476000,-15.169880000,-15.249901000,-15.297155000,-15.230808000,-14.880346000,-14.188090000,-13.264825000,-12.240441000,-11.264195000,-10.369676000,-9.510185000,-8.738648000,-8.057615000,-7.471492000,-6.963530000,-6.432195000,-5.929994000,-5.551128000,-5.307524000,-5.319947000,-5.593140000,-5.843943000
-6.183778000,-5.747888000,-5.118988000,-4.178582000,-3.406309000,-3.024405000,-2.961931000,-3.011776000,-2.980434000,-2.759440000,-2.357405000,-1.883904000,-1.371979000,-0.741265000,-0.000346000,0.712318000,1.249953000,1.549066000,1.613891000,1.485806000,1.299965000,1.177826000,1.099290000,1.039675000,0.967342000,0.876546000,0.801762000,0.714985000,0.602226000,0.475400000,0.400405000,0.429967000,0.567149000,0.753590000,0.842152000,0.783734000,0.649588000,0.591502000,0.713749000,0.908066000,0.970522000,0.908261000,0.911821000,1.121342000,1.509538000,1.932183000,2.238793000,2.345852000,2.345846000,2.299423000,2.237633000,2.256419000,2.342672000,2.397234000,2.369370000,2.232726000,2.034052000,1.761859000,1.249671000,0.412003000,-0.582347000,-1.600788000,-2.719927000,-4.155716000,-6.105133000,-8.556717000,-11.326486000,-14.090332000,-16.374453000,-17.827669000,-18.419689000,-18.288181000,-17.640985000,-16.796982000,-15.999577000,-15.365843000,-15.002100000,-14.965909000,-15.163754000,-15.414466000,-15.585764000,-15.593998000,-15.478739000,-15.255272000,-14.891311000,-14.265360000,-13.278336000,-12.034084000,-10.802487000,-9.764624000,-8.881138000,-8.085364000,-7.375420000,-6.806117000,-6.420763000,-6.141632000,-5.880160000,-5.714760000,-5.763718000,-5.993082000,-6.183778000
-4.895699000,-6.069111000,-5.601988000,-4.977337000,-4.466937000,-4.163592000,-3.982794000,-3.816392000,-3.589652000,-3.321850000,-3.000910000,-2.545988000,-1.905486000,-1.127590000,-0.331524000,0.376111000,0.913619000,1.258378000,1.451426000,1.516902000,1.487526000,1.428257000,1.352674000,1.253285000,1.162401000,1.021553000,0.798443000,0.608683000,0.458470000,0.307401000,0.145235000,0.006635000,-0.062506000,-0.044136000,0.029482000,0.068942000,0.037261000,-0.057404000,-0.155776000,-0.179149000,-0.126516000,-0.017229000,0.036477000,0.056669000,0.177491000,0.353943000,0.488250000,0.583205000,0.663819000,0.688754000,0.593409000,0.422293000,0.293812000,0.256395000,0.273138000,0.259384000,0.144013000,-0.156142000,-0.713959000,-1.481507000,-2.315418000,-3.214311000,-4.386545000,-6.073885000,-8.325779000,-10.868980000,-13.309309000,-15.305970000,-16.663086000,-17.352631000,-17.419298000,-17.008921000,-16.361776000,-15.704154000,-15.201749000,-14.968392000,-14.955125000,-15.056406000,-15.233331000,-15.487898000,-15.798995000,-16.100510000,-16.294949000,-16.238543000,-15.808850000,-14.951503000,-13.734798000,-12.326468000,-10.907226000,-9.651057000,-8.664274000,-7.944782000,-7.365118000,-6.807192000,-6.285792000,-5.926863000,-5.744597000,-5.630239000,-5.463097000,-5.192059000,-4.895699000
-5.260444000,-4.667443000,-4.458479000,-4.055872000,-3.424353000,-2.729157000,-2.188992000,-1.899396000,-1.803008000,-1.767658000,-1.640060000,-1.326615000,-0.876213000,-0.413440000,0.012765000,0.384575000,0.700798000,0.985366000,1.227486000,1.347330000,1.316532000,1.200201000,1.098830000,1.044312000,1.004193000,0.917943000,0.785116000,0.626100000,0.406412000,0.219837000,0.165042000,0.202139000,0.312944000,0.480859000,0.569385000,0.468809000,0.238514000,0.074330000,0.136547000,0.378431000,0.632008000,0.826524000,0.992490000,1.176317000,1.351108000,1.497573000,1.644056000,1.789406000,1.854834000,1.782261000,1.638476000,1.516355000,1.451413000,1.418960000,1.392014000,1.355597000,1.249661000,0.988657000,0.498597000,-0.210091000,-1.062430000,-2.019882000,-3.155493000,-4.586753000,-6.405032000,-8.560590000,-10.949069000,-13.342825000,-15.307151000,-16.590326000,-17.218874000,-17.284117000,-16.883455000,-16.271263000,-15.759833000,-15.422997000,-15.238392000,-15.192075000,-15.279947000,-15.534176000,-15.923767000,-16.324265000,-16.576250000,-16.552105000,-16.185740000,-15.430809000,-14.321674000,-13.081200000,-11.941606000,-10.942195000,-9.979424000,-9.059806000,-8.300381000,-7.661184000,-6.997241000,-6.356586000,-5.795888000,-5.350330000,-5.103360000,-5.112920000,-5.260444000
-2.830517000,-5.258688000,-4.911373000,-4.296967000,-3.702018000,-3.349602000,-3.227549000,-3.148188000,-2.952626000,-2.577492000,-2.091242000,-1.603151000,-1.074210000,-0.357043000,0.474333000,1.212353000,1.697653000,1.842754000,1.728810000,1.546380000,1.414331000,1.366757000,1.296076000,1.130604000,0.930461000,0.751028000,0.670480000,0.740741000,0.874590000,0.933280000,0.924669000,0.943141000,0.980579000,1.017306000,1.086143000,1.185406000,1.317459000,1.385634000,1.304848000,1.185693000,1.103512000,1.072627000,1.148650000,1.272051000,1.343720000,1.404644000,1.541137000,1.758587000,1.985984000,2.129478000,2.144923000,2.066585000,1.992163000,1.913466000,1.794533000,1.657841000,1.452761000,1.106532000,0.533366000,-0.317569000,-1.204456000,-1.814510000,-2.355270000,-3.439707000,-5.270126000,-7.619870000,-10.191312000,-12.834907000,-15.307626000,-17.081106000,-17.904226000,-18.034325000,-17.721052000,-17.099123000,-16.356211000,-15.716400000,-15.323162000,-15.239328000,-15.401841000,-15.637114000,-15.834097000,-16.033237000,-16.365629000,-16.785715000,-16.949326000,-16.611435000,-15.807552000,-14.678122000,-13.432620000,-12.244098000,-11.128504000,-10.098235000,-9.148308000,-8.264635000,-7.499472000,-6.922378000,-6.545296000,-6.390125000,-6.457863000,-6.745910000,-7.141584000
-4.235169000,-2.667557000,-2.451555000,-2.220420000,-1.979058000,-1.634634000,-1.140729000,-0.515070000,0.162032000,0.794963000,1.342731000,1.770835000,2.033595000,2.206925000,2.310991000,2.306714000,2.181774000,1.943860000,1.678227000,1.415980000,1.158774000,0.891103000,0.651551000,0.443036000,0.257478000,0.139206000,0.113797000,0.201113000,0.348894000,0.499369000,0.570643000,0.584857000,0.647163000,0.743398000,0.844665000,1.024862000,1.251237000,1.428880000,1.491886000,1.416825000,1.338254000,1.495270000,1.869286000,2.174637000,2.292589000,2.286498000,2.218246000,2.136672000,2.070167000,1.950272000,1.671237000,1.208638000,0.628240000,-0.004451000,-0.684689000,-1.439331000,-2.277243000,-3.360744000,-5.073248000,-7.511633000,-10.315569000,-13.044260000,-15.344536000,-16.979931000,-17.881912000,-18.074032000,-17.695011000,-16.994743000,-16.208424000,-15.482590000,-14.948607000,-14.681664000,-14.619406000,-14.646497000,-14.662549000,-14.641620000,-14.650984000,-14.737357000,-14.810988000,-14.719646000,-14.362886000,-13.675360000,-12.732440000,-11.693573000,-10.605727000,-9.450363000,-8.270491000,-7.199769000,-6.329097000,-5.587185000,-5.013280000,-4.676951000,-4.496713000,-4.533209000,-4.883553000,-5.338342000,-5.547658000,-5.368873000,-4.990451000,-4.590147000,-4.235169000
-2.505770000,-3.961333000,-3.836418000,-3.833213000,-3.705131000,-3.269328000,-2.527465000,-1.575746000,-0.487420000,0.626886000,1.626637000,2.384819000,2.840801000,3.050889000,3.121593000,3.114233000,3.082289000,3.009660000,2.941108000,2.859978000,2.684925000,2.474054000,2.262091000,2.038839000,1.824300000,1.693127000,1.777322000,2.071887000,2.340532000,2.402252000,2.309873000,2.259966000,2.316698000,2.397777000,2.496540000,2.675739000,2.924359000,3.224605000,3.525031000,3.732362000,3.873504000,4.026592000,4.148638000,4.183624000,4.165943000,4.145198000,4.155943000,4.219454000,4.314824000,4.374522000,4.325706000,4.072369000,3.583055000,2.930234000,2.200967000,1.431052000,0.475527000,-0.957559000,-3.136593000,-6.079437000,-9.532328000,-13.025446000,-15.995233000,-18.036745000,-19.009012000,-18.996580000,-18.237335000,-17.095722000,-15.966496000,-15.079260000,-14.471999000,-14.100613000,-13.951157000,-14.030377000,-14.271016000,-14.563021000,-14.815660000,-14.942268000,-14.919471000,-14.743136000,-14.218719000,-13.202798000,-11.853862000,-10.424012000,-9.045439000,-7.792338000,-6.703951000,-5.752658000,-4.841697000,-3.907357000,-3.108117000,-2.698242000,-2.817735000,-3.357554000,-3.950049000,-4.248999000,-4.145761000,-3.736825000,-3.216840000,-2.777148000,-2.505770000
-1.006759000,-2.320702000,-2.052855000,-1.601194000,-0.974382000,-0.243725000,0.502379000,1.212236000,1.843913000,2.335331000,2.678740000,2.946898000,3.139277000,3.198937000,3.145887000,3.053920000,2.939810000,2.821095000,2.742712000,2.717816000,2.717253000,2.671977000,2.500753000,2.241256000,1.970559000,1.791142000,1.706934000,1.628539000,1.544201000,1.462169000,1.409260000,1.412687000,1.416090000,1.366900000,1.290255000,1.272628000,1.404924000,1.686506000,2.043282000,2.407421000,2.746331000,3.033423000,3.284832000,3.525412000,3.757642000,4.000241000,4.265821000,4.503355000,4.628056000,4.592393000,4.390865000,4.018276000,3.461773000,2.700248000,1.705940000,0.294358000,-1.871380000,-4.892755000,-8.493381000,-12.138711000,-15.266009000,-17.552277000,-18.832994000,-19.078804000,-18.475037000,-17.403059000,-16.249746000,-15.249797000,-14.467024000,-13.912113000,-13.616286000,-13.589468000,-13.785565000,-14.111804000,-14.447939000,-14.724699000,-14.915841000,-14.922035000,-14.527760000,-13.607795000,-12.270059000,-10.756347000,-9.327844000,-8.095700000,-6.985887000,-5.928663000,-4.889232000,-3.782176000,-2.658482000,-1.760513000,-1.325054000,-1.403512000,-1.830453000,-2.327503000,-2.680900000,-2.728830000,-2.443897000,-1.941381000,-1.416937000,-1.071024000,-1.006759000
-5.127336000,-1.129603000,-1.227781000,-1.126809000,-0.783919000,-0.209925000,0.595966000,1.559102000,2.545830000,3.457497000,4.199255000,4.705859000,4.948007000,4.896425000,4.643169000,4.383586000,4.186948000,3.982117000,3.723694000,3.390884000,2.941218000,2.372385000,1.908033000,1.780607000,1.861571000,1.971594000,2.116928000,2.345558000,2.570401000,2.691455000,2.745398000,2.718732000,2.625114000,2.537624000,2.528098000,2.593280000,2.665966000,2.749691000,2.846643000,2.903742000,2.870477000,2.772905000,2.651842000,2.514715000,2.357464000,2.197329000,2.061813000,1.948002000,1.822582000,1.622255000,1.282742000,0.762615000,0.102219000,-0.611907000,-1.367048000,-2.266648000,-3.441028000,-5.006227000,-7.043341000,-9.457237000,-11.952832000,-14.131050000,-15.786669000,-16.907473000,-17.339800000,-17.075769000,-16.418394000,-15.726252000,-15.202887000,-14.859872000,-14.638364000,-14.518654000,-14.474490000,-14.487145000,-14.604133000,-14.840903000,-15.124783000,-15.353922000,-15.410778000,-15.079992000,-14.178730000,-12.750172000,-11.109081000,-9.542718000,-8.192615000,-7.216571000,-6.622056000,-6.194252000,-5.663311000,-4.902504000,-4.003851000,-3.169706000,-2.554110000,-2.244705000,-2.140209000,-1.949973000,-1.538411000,-1.219102000,-1.173463000,-1.305465000,-1.521282000
-5.389676000,-5.051592000,-4.468727000,-3.630455000,-2.919054000,-2.599987000,-2.660392000,-2.812571000,-2.693147000,-2.196031000,-1.587286000,-1.046648000,-0.554783000,-0.061468000,0.414009000,0.840233000,1.227244000,1.608224000,1.964630000,2.162135000,2.159818000,2.047557000,1.956810000,1.927503000,1.922985000,1.845663000,1.681207000,1.427621000,1.124381000,0.858874000,0.650072000,0.505043000,0.426161000,0.413096000,0.450487000,0.534602000,0.697945000,0.878902000,0.998338000,1.041676000,1.083820000,1.195876000,1.309905000,1.351085000,1.350260000,1.374795000,1.449735000,1.548518000,1.656072000,1.707576000,1.683605000,1.652353000,1.731124000,1.913618000,2.079095000,2.149543000,2.045797000,1.670661000,1.037090000,0.331489000,-0.342859000,-1.150176000,-2.328868000,-4.056355000,-6.316130000,-8.920236000,-11.674284000,-14.200303000,-16.058401000,-17.068733000,-17.223124000,-16.784130000,-16.174284000,-15.597481000,-15.110681000,-14.804089000,-14.722304000,-14.779820000,-14.902150000,-15.054220000,-15.267367000,-15.558795000,-15.794748000,-15.725362000,-15.208931000,-14.311683000,-13.138326000,-11.763503000,-10.303156000,-8.884982000,-7.649085000,-6.672384000,-5.915159000,-5.313190000,-4.825596000,-4.438499000,-4.179289000,-4.171370000,-4.481605000,-4.981929000,-5.389676000
-4.471046000,-5.415463000,-5.006294000,-4.388173000,-3.847563000,-3.494814000,-3.308146000,-3.198825000,-3.046363000,-2.792118000,-2.414298000,-1.849126000,-1.114360000,-0.278185000,0.543697000,1.201576000,1.630223000,1.838023000,1.902428000,1.921739000,1.932166000,1.922901000,1.888131000,1.788273000,1.660994000,1.590680000,1.561179000,1.541471000,1.506405000,1.473210000,1.443753000,1.406942000,1.334394000,1.205014000,1.035381000,0.895847000,0.842603000,0.884246000,1.006553000,1.165959000,1.271852000,1.278552000,1.322356000,1.461424000,1.595031000,1.674341000,1.745762000,1.838827000,1.929990000,2.004974000,2.068003000,2.117432000,2.144850000,2.141564000,2.073550000,1.900581000,1.618681000,1.198697000,0.628879000,-0.038160000,-0.782690000,-1.654976000,-2.892253000,-4.711021000,-7.126841000,-9.934258000,-12.739003000,-15.041597000,-16.442705000,-16.863245000,-16.593069000,-15.988768000,-15.216588000,-14.467499000,-13.903131000,-13.563953000,-13.447790000,-13.569405000,-13.845349000,-14.145606000,-14.458552000,-14.798665000,-15.006741000,-14.850753000,-14.289782000,-13.417063000,-12.355709000,-11.239634000,-10.121830000,-9.073391000,-8.172550000,-7.400271000,-6.781451000,-6.297979000,-5.740448000,-4.992552000,-4.272129000,-3.941793000,-4.062416000,-4.364282000,-4.471046000
-4.883348000,-4.144145000,-3.492768000,-2.820722000,-2.409974000,-2.323090000,-2.416284000,-2.496419000,-2.407645000,-2.111402000,-1.660015000,-1.095186000,-0.416201000,0.375551000,1.216775000,1.977375000,2.533823000,2.868874000,3.030672000,3.074648000,3.036317000,2.910407000,2.718288000,2.521630000,2.361357000,2.228186000,2.049740000,1.804558000,1.577492000,1.477134000,1.523203000,1.687086000,1.904612000,2.105137000,2.230703000,2.285370000,2.342061000,2.376341000,2.320272000,2.200163000,2.144130000,2.188862000,2.252773000,2.280170000,2.279556000,2.321617000,2.415925000,2.519109000,2.621630000,2.727312000,2.772515000,2.720701000,2.625440000,2.608039000,2.727249000,2.834026000,2.737898000,2.352424000,1.697791000,0.868067000,-0.019479000,-1.003232000,-2.263849000,-4.041397000,-6.438796000,-9.294237000,-12.188704000,-14.645939000,-16.351271000,-17.176537000,-17.174864000,-16.610119000,-15.850894000,-15.122432000,-14.507638000,-14.066089000,-13.790365000,-13.621367000,-13.541998000,-13.553047000,-13.633101000,-13.767612000,-13.844088000,-13.746836000,-13.507546000,-13.107155000,-12.457885000,-11.486952000,-10.246601000,-9.005161000,-7.952408000,-7.019351000,-6.161849000,-5.390891000,-4.688106000,-4.100746000,-3.789286000,-3.905116000,-4.357556000,-4.793085000,-4.883348000
-3.542560000,-4.507437000,-3.880080000,-3.339091000,-2.989569000,-2.733574000,-2.501348000,-2.254599000,-1.958092000,-1.561203000,-1.018016000,-0.318447000,0.514189000,1.401962000,2.231242000,2.896787000,3.350912000,3.644923000,3.835689000,3.959732000,4.046065000,4.045155000,3.934365000,3.775534000,3.621479000,3.453020000,3.210769000,2.907917000,2.614212000,2.373503000,2.201996000,2.175204000,2.255937000,2.321858000,2.377338000,2.522390000,2.752411000,2.927754000,3.015054000,3.092128000,3.227842000,3.394733000,3.550381000,3.686262000,3.826752000,4.031134000,4.353689000,4.763154000,5.159711000,5.397576000,5.321091000,4.958969000,4.653775000,4.676675000,4.943180000,5.174916000,5.174571000,4.845194000,4.231802000,3.475872000,2.638883000,1.498085000,-0.392322000,-3.189614000,-6.576602000,-10.121343000,-13.372593000,-15.842926000,-17.247013000,-17.636232000,-17.249311000,-16.425697000,-15.466657000,-14.550765000,-13.838634000,-13.391444000,-13.187542000,-13.180405000,-13.333533000,-13.602572000,-13.882337000,-14.160403000,-14.244576000,-13.895441000,-13.061919000,-11.955308000,-10.914858000,-10.155114000,-9.651485000,-9.254661000,-8.787941000,-8.036636000,-7.058802000,-6.069785000,-5.141037000,-4.228547000,-3.387697000,-2.908900000,-2.990200000,-3.494133000,-4.047593000
-5.347256000,-3.711590000,-3.538095000,-2.939001000,-2.120924000,-1.417808000,-0.950777000,-0.652931000,-0.390388000,-0.128128000,0.136625000,0.475746000,0.931750000,1.468009000,1.993588000,2.414464000,2.678820000,2.809553000,2.893415000,2.959153000,2.908047000,2.718154000,2.507695000,2.388699000,2.451641000,2.542880000,2.434340000,2.125170000,1.823627000,1.691288000,1.728991000,1.816325000,1.900244000,2.032400000,2.179344000,2.361971000,2.628447000,2.885284000,3.025695000,3.100505000,3.228933000,3.400305000,3.522619000,3.611752000,3.725666000,3.859239000,3.925715000,3.899164000,3.839960000,3.800779000,3.783494000,3.800072000,3.842528000,3.877505000,3.879903000,3.794458000,3.570778000,3.176162000,2.582840000,1.826124000,0.895270000,-0.254010000,-1.645761000,-3.393378000,-5.654651000,-8.403050000,-11.342036000,-13.990641000,-15.928998000,-17.024815000,-17.330462000,-16.973269000,-16.241402000,-15.525675000,-14.971440000,-14.580527000,-14.339973000,-14.250859000,-14.267643000,-14.330014000,-14.466364000,-14.726369000,-14.982051000,-15.056638000,-14.851996000,-14.333547000,-13.569439000,-12.579299000,-11.362460000,-10.064921000,-8.844285000,-7.731671000,-6.682890000,-5.655480000,-4.709725000,-3.998554000,-3.645917000,-3.749656000,-4.249147000,-4.901587000,-5.347256000
-4.744475000,-5.279472000,-4.731900000,-3.990974000,-3.302960000,-2.744757000,-2.291963000,-1.946827000,-1.744198000,-1.614488000,-1.433207000,-1.130236000,-0.695600000,-0.131973000,0.531516000,1.176929000,1.652059000,1.950189000,2.206803000,2.484427000,2.740183000,2.910362000,2.893125000,2.711537000,2.468118000,2.241025000,2.059807000,1.925872000,1.786563000,1.660051000,1.583187000,1.524386000,1.508227000,1.542867000,1.566474000,1.595465000,1.680903000,1.802527000,1.954818000,2.085406000,2.131145000,2.187542000,2.349691000,2.591825000,2.834380000,3.044539000,3.178342000,3.208210000,3.161667000,3.111243000,3.093698000,3.093154000,3.118535000,3.189427000,3.324767000,3.451791000,3.428062000,3.212497000,2.797774000,2.161035000,1.358606000,0.364313000,-1.020909000,-3.019521000,-5.701969000,-8.911956000,-12.263609000,-15.197333000,-17.229366000,-18.217232000,-18.272133000,-17.588232000,-16.538198000,-15.494138000,-14.680031000,-14.175478000,-13.962563000,-13.990375000,-14.236172000,-14.665463000,-15.144709000,-15.540994000,-15.807559000,-15.885258000,-15.588343000,-14.806364000,-13.615567000,-12.223664000,-10.783051000,-9.418368000,-8.240122000,-7.257629000,-6.446083000,-5.776614000,-5.231488000,-4.840484000,-4.567420000,-4.344394000,-4.248229000,-4.443442000,-4.744475000
-4.299706000,-4.792189000,-4.422231000,-3.735477000,-3.006435000,-2.516550000,-2.339337000,-2.316206000,-2.232610000,-1.958038000,-1.515735000,-0.930141000,-0.174798000,0.670351000,1.448265000,2.037951000,2.416657000,2.652367000,2.806576000,2.838395000,2.730588000,2.551825000,2.370675000,2.197032000,2.025539000,1.855280000,1.692441000,1.538432000,1.397849000,1.302255000,1.275742000,1.317422000,1.399470000,1.443033000,1.419714000,1.401383000,1.441168000,1.513095000,1.540600000,1.537975000,1.562322000,1.617277000,1.682525000,1.766222000,1.941873000,2.212450000,2.487111000,2.724167000,2.890587000,2.972951000,3.031814000,3.141526000,3.244229000,3.250262000,3.206297000,3.133191000,2.972270000,2.699951000,2.320195000,1.839532000,1.202194000,0.220996000,-1.352600000,-3.645611000,-6.527178000,-9.647540000,-12.508657000,-14.720875000,-16.142540000,-16.779938000,-16.630747000,-15.858393000,-14.842113000,-13.886867000,-13.137524000,-12.643034000,-12.368054000,-12.293959000,-12.477172000,-12.849786000,-13.294810000,-13.740674000,-14.047383000,-14.043760000,-13.673198000,-12.929149000,-11.864894000,-10.630937000,-9.376992000,-8.266975000,-7.380270000,-6.698391000,-6.148569000,-5.570814000,-4.852842000,-4.134339000,-3.649144000,-3.521009000,-3.713265000,-4.043332000,-4.299706000
-5.265070000,-4.262717000,-3.800316000,-3.096449000,-2.494922000,-2.153765000,-2.038675000,-2.027776000,-1.978840000,-1.776070000,-1.361007000,-0.701242000,0.203289000,1.236282000,2.196295000,2.978059000,3.584978000,3.994250000,4.181856000,4.182433000,4.103598000,4.042014000,4.028809000,4.031521000,4.007939000,3.958141000,3.863811000,3.720264000,3.566267000,3.441535000,3.388258000,3.368609000,3.348474000,3.338392000,3.333406000,3.353841000,3.419886000,3.468872000,3.470695000,3.472491000,3.535572000,3.654737000,3.757375000,3.785760000,3.778035000,3.802185000,3.923935000,4.107373000,4.304924000,4.548954000,4.869536000,5.123910000,5.032388000,4.669966000,4.342973000,4.206498000,4.240602000,4.302906000,4.122420000,3.625215000,2.973933000,2.291697000,1.410864000,-0.091254000,-2.535203000,-5.743914000,-9.259553000,-12.595753000,-15.331861000,-17.194876000,-18.036652000,-17.949369000,-17.215479000,-16.187675000,-15.202902000,-14.468247000,-14.033596000,-13.819466000,-13.673343000,-13.545933000,-13.536072000,-13.705174000,-14.014256000,-14.375645000,-14.549957000,-14.256206000,-13.362384000,-11.983718000,-10.500827000,-9.199038000,-8.082927000,-7.044922000,-6.088817000,-5.269685000,-4.613256000,-4.107259000,-3.733516000,-3.545695000,-3.615190000,-3.906478000,-4.218514000
-3.971989000,-5.274599000,-4.952686000,-4.507109000,-4.102170000,-3.807565000,-3.620094000,-3.468282000,-3.359110000,-3.247143000,-3.011199000,-2.564914000,-1.916773000,-1.114026000,-0.220620000,0.661790000,1.473198000,2.092437000,2.356521000,2.253762000,2.011623000,1.867936000,1.767705000,1.649365000,1.570071000,1.553589000,1.550251000,1.466214000,1.277962000,1.058398000,0.937153000,0.979104000,1.060805000,1.129205000,1.212244000,1.278424000,1.320812000,1.327368000,1.312783000,1.269580000,1.229983000,1.310815000,1.485776000,1.629391000,1.688352000,1.734247000,1.773208000,1.830675000,1.932976000,2.024770000,2.048550000,2.022020000,2.014967000,1.986713000,1.890963000,1.772280000,1.664725000,1.454934000,1.027808000,0.494209000,-0.046341000,-0.742579000,-1.925618000,-3.874738000,-6.508226000,-9.423895000,-12.191278000,-14.395070000,-15.830406000,-16.480364000,-16.346981000,-15.561520000,-14.531940000,-13.578125000,-12.814785000,-12.361981000,-12.232165000,-12.299675000,-12.469085000,-12.728886000,-13.113249000,-13.617834000,-14.098051000,-14.338926000,-14.063218000,-13.214999000,-12.067476000,-10.826226000,-9.612077000,-8.561626000,-7.720156000,-6.995075000,-6.264266000,-5.409183000,-4.437042000,-3.553266000,-2.944128000,-2.711284000,-2.862977000,-3.327008000,-3.971989000
-4.245588000,-4.559180000,-4.756900000,-4.286115000,-3.356949000,-2.573161000,-2.303930000,-2.434921000,-2.587091000,-2.514336000,-2.226567000,-1.746835000,-1.065578000,-0.170511000,0.856578000,1.804494000,2.537227000,3.071182000,3.443664000,3.657591000,3.732603000,3.665267000,3.527296000,3.391798000,3.297590000,3.234881000,3.125140000,2.948777000,2.712686000,2.454757000,2.301009000,2.339086000,2.524058000,2.718600000,2.826723000,2.845039000,2.764846000,2.656476000,2.659746000,2.770181000,2.900420000,3.022491000,3.133751000,3.273397000,3.498383000,3.758826000,3.901073000,3.954277000,4.053818000,4.171504000,4.221131000,4.205636000,4.131572000,4.001194000,3.823348000,3.608374000,3.397742000,3.108093000,2.624549000,1.976520000,1.217119000,0.284453000,-1.103558000,-3.279645000,-6.257601000,-9.691094000,-13.089214000,-15.945259000,-17.889519000,-18.757917000,-18.660799000,-17.907804000,-16.839710000,-15.773067000,-14.888009000,-14.239972000,-13.830999000,-13.647187000,-13.693765000,-13.898402000,-14.161290000,-14.409064000,-14.635466000,-14.826207000,-14.842978000,-14.430495000,-13.493380000,-12.270136000,-11.039843000,-9.921490000,-8.966902000,-8.170753000,-7.448513000,-6.697010000,-5.883339000,-5.088216000,-4.402560000,-3.953049000,-3.832815000,-3.992222000,-4.245588000
-4.454966000,-4.352742000,-4.239884000,-3.952759000,-3.598689000,-3.303901000,-3.184326000,-3.262142000,-3.405795000,-3.411002000,-3.119167000,-2.536277000,-1.753560000,-0.834588000,0.153065000,1.116982000,1.919579000,2.499487000,2.915838000,3.183670000,3.289620000,3.279062000,3.236743000,3.153408000,2.995038000,2.800509000,2.654338000,2.601375000,2.606198000,2.593812000,2.492925000,2.366299000,2.238903000,2.147010000,2.147286000,2.210811000,2.313385000,2.399270000,2.385365000,2.294116000,2.189308000,2.125573000,2.110553000,2.132525000,2.203420000,2.356054000,2.599885000,2.868144000,3.081490000,3.217586000,3.350547000,3.511607000,3.690293000,3.867958000,4.007582000,4.086864000,4.064056000,3.900313000,3.591566000,3.137745000,2.523083000,1.688038000,0.449271000,-1.471361000,-4.178938000,-7.499013000,-10.999022000,-14.116698000,-16.492878000,-17.963650000,-18.483286000,-18.143929000,-17.242683000,-16.142792000,-15.098885000,-14.217149000,-13.566319000,-13.159821000,-12.979956000,-13.001805000,-13.185305000,-13.480187000,-13.831101000,-14.215024000,-14.542773000,-14.658145000,-14.395006000,-13.596268000,-12.272874000,-10.644148000,-9.076404000,-7.822474000,-6.818348000,-5.925754000,-5.113980000,-4.421638000,-3.922482000,-3.681239000,-3.747103000,-4.072772000,-4.454966000
-5.991791000,-4.628166000,-4.459432000,-4.065281000,-3.620221000,-3.249442000,-3.051792000,-3.059299000,-3.138071000,-3.081256000,-2.775925000,-2.239875000,-1.501098000,-0.582918000,0.424279000,1.409778000,2.308413000,3.080773000,3.665613000,3.982370000,4.031041000,3.915925000,3.717293000,3.429375000,3.110849000,2.818376000,2.575441000,2.447210000,2.403635000,2.377561000,2.335900000,2.361405000,2.494106000,2.658344000,2.798759000,2.897944000,2.953599000,3.003941000,3.066035000,3.125145000,3.152833000,3.181294000,3.238644000,3.286979000,3.315156000,3.329248000,3.324659000,3.305424000,3.251387000,3.168051000,3.121314000,3.097862000,3.049569000,2.974157000,2.870832000,2.743584000,2.547052000,2.255477000,1.873129000,1.347376000,0.682326000,-0.061091000,-0.960135000,-2.243465000,-4.075253000,-6.445389000,-9.153339000,-11.849138000,-14.102020000,-15.641807000,-16.398827000,-16.449732000,-16.010847000,-15.308433000,-14.602586000,-14.074169000,-13.729898000,-13.571470000,-13.582710000,-13.705395000,-13.893607000,-14.103539000,-14.331402000,-14.561239000,-14.734680000,-14.755198000,-14.503820000,-13.877499000,-12.909161000,-11.720406000,-10.419612000,-9.038260000,-7.584961000,-6.314474000,-5.576260000,-5.142618000,-4.553579000,-3.858068000,-3.376937000,-3.340524000,-3.662615000
-5.327622000,-6.275730000,-6.112418000,-5.628605000,-5.070877000,-4.663866000,-4.495916000,-4.455758000,-4.396775000,-4.217569000,-3.842068000,-3.242360000,-2.440484000,-1.494186000,-0.510864000,0.382578000,1.090866000,1.615690000,1.946976000,2.009182000,1.842529000,1.589905000,1.337085000,1.096336000,0.837380000,0.590039000,0.355147000,0.142178000,-0.027854000,-0.153998000,-0.209733000,-0.229126000,-0.205482000,-0.135946000,-0.050679000,0.067626000,0.288768000,0.663641000,1.022938000,1.226213000,1.323761000,1.428507000,1.621340000,1.859213000,2.109679000,2.351279000,2.540860000,2.593565000,2.498210000,2.348686000,2.208192000,2.067336000,1.896642000,1.721410000,1.580717000,1.448926000,1.250101000,0.860633000,0.206504000,-0.590992000,-1.327434000,-2.044241000,-3.012546000,-4.524765000,-6.615522000,-9.019666000,-11.470431000,-13.704015000,-15.412530000,-16.440435000,-16.810280000,-16.619352000,-16.008385000,-15.226240000,-14.516534000,-13.931566000,-13.514918000,-13.348848000,-13.402440000,-13.520271000,-13.602296000,-13.649735000,-13.761997000,-13.967822000,-14.026657000,-13.775208000,-13.188022000,-12.277010000,-11.219766000,-10.202038000,-9.238009000,-8.275752000,-7.296116000,-6.334269000,-5.479058000,-4.780862000,-4.251671000,-4.013740000,-4.208386000,-4.747394000,-5.327622000
-4.669387000,-5.607554000,-5.383427000,-4.818059000,-4.266710000,-3.951433000,-3.896438000,-3.950962000,-3.885024000,-3.571627000,-3.017093000,-2.270054000,-1.369040000,-0.367955000,0.616745000,1.450979000,2.106741000,2.589597000,2.882338000,2.965302000,2.881077000,2.703882000,2.474857000,2.246454000,2.049659000,1.877888000,1.671714000,1.360989000,1.036515000,0.793780000,0.669110000,0.706063000,0.856099000,1.046266000,1.226659000,1.373548000,1.476499000,1.551361000,1.622091000,1.704293000,1.798911000,1.938030000,2.157020000,2.408776000,2.609251000,2.734256000,2.845608000,2.980888000,3.095144000,3.111293000,2.998108000,2.832321000,2.720018000,2.690805000,2.643244000,2.434215000,2.068427000,1.575403000,0.900468000,0.052003000,-0.940048000,-2.075463000,-3.468132000,-5.266004000,-7.514440000,-10.107179000,-12.820460000,-15.292345000,-17.131161000,-18.156321000,-18.413797000,-18.027872000,-17.274590000,-16.429159000,-15.653967000,-15.065297000,-14.724342000,-14.616417000,-14.679002000,-14.883615000,-15.149336000,-15.348089000,-15.382416000,-15.263035000,-15.066427000,-14.735188000,-14.096069000,-13.059631000,-11.811246000,-10.612045000,-9.520191000,-8.491458000,-7.573631000,-6.843669000,-6.291011000,-5.786108000,-5.199285000,-4.621290000,-4.338112000,-4.456691000,-4.669387000
-3.950268000,-4.596891000,-4.224215000,-3.897248000,-3.821745000,-3.926780000,-4.041837000,-4.020017000,-3.780657000,-3.284867000,-2.519859000,-1.505141000,-0.322407000,0.871032000,1.909183000,2.705969000,3.186987000,3.335759000,3.266668000,3.122679000,2.920429000,2.656847000,2.401372000,2.204201000,2.057109000,1.929287000,1.765727000,1.586998000,1.466370000,1.405867000,1.379922000,1.386224000,1.401302000,1.463996000,1.588015000,1.693091000,1.660545000,1.527937000,1.478621000,1.619402000,1.848738000,2.056747000,2.229589000,2.425967000,2.611165000,2.709091000,2.703030000,2.644044000,2.592991000,2.553090000,2.506682000,2.420556000,2.259201000,1.965275000,1.476012000,0.762566000,-0.117281000,-1.065023000,-2.148044000,-3.629581000,-5.713443000,-8.202475000,-10.767138000,-13.203810000,-15.247245000,-16.633341000,-17.247156000,-17.169741000,-16.678818000,-16.109209000,-15.572643000,-15.080971000,-14.723948000,-14.520487000,-14.433124000,-14.476556000,-14.675789000,-14.935453000,-15.097386000,-15.078244000,-14.878719000,-14.460454000,-13.729409000,-12.651466000,-11.278787000,-9.732720000,-8.229370000,-7.057445000,-6.237926000,-5.578431000,-5.007651000,-4.592981000,-4.463205000,-4.727738000,-5.318117000,-5.986506000,-6.418431000,-6.338421000,-5.675691000,-4.733805000,-3.950268000
-4.113033000,-3.554143000,-3.380491000,-3.262277000,-3.095176000,-2.840076000,-2.463631000,-1.939110000,-1.269210000,-0.450973000,0.488883000,1.478452000,2.413553000,3.085118000,3.344893000,3.301429000,3.072899000,2.750975000,2.375936000,1.971294000,1.613938000,1.333480000,1.102412000,0.917442000,0.750583000,0.606665000,0.519613000,0.479922000,0.478038000,0.533230000,0.603462000,0.642168000,0.647537000,0.657916000,0.700859000,0.742089000,0.726323000,0.672312000,0.624426000,0.584768000,0.564344000,0.619439000,0.768858000,0.966271000,1.180704000,1.401179000,1.614501000,1.808982000,1.981734000,2.144862000,2.308465000,2.436601000,2.487822000,2.458734000,2.361231000,2.207352000,1.998051000,1.709635000,1.253020000,0.474996000,-0.755320000,-2.500591000,-4.727908000,-7.310284000,-10.040244000,-12.629795000,-14.743745000,-16.101027000,-16.599627000,-16.375948000,-15.744870000,-15.037013000,-14.428513000,-13.934237000,-13.585236000,-13.426948000,-13.446322000,-13.597000000,-13.865426000,-14.250784000,-14.759599000,-15.328778000,-15.697519000,-15.634726000,-15.132518000,-14.266085000,-13.102987000,-11.744328000,-10.405005000,-9.290339000,-8.445987000,-7.767533000,-7.119019000,-6.489483000,-5.852293000,-5.144800000,-4.474952000,-4.090635000,-4.130859000,-4.491937000,-4.906856000
-3.703061000,-3.828821000,-3.229775000,-2.507051000,-1.853426000,-1.396136000,-1.107510000,-0.816590000,-0.456813000,-0.129640000,0.102219000,0.301034000,0.535621000,0.870766000,1.385399000,1.931586000,2.321824000,2.593976000,2.826118000,2.956668000,2.919491000,2.834631000,2.874177000,2.937958000,2.917800000,2.797354000,2.633621000,2.454197000,2.317847000,2.282950000,2.327680000,2.367213000,2.357686000,2.334438000,2.320678000,2.337856000,2.397727000,2.481340000,2.592835000,2.742126000,2.880134000,2.994128000,3.125188000,3.305038000,3.473337000,3.566164000,3.610556000,3.658679000,3.697093000,3.703855000,3.713304000,3.787522000,3.972481000,4.268220000,4.619708000,4.910099000,5.021581000,4.862451000,4.452342000,3.899542000,3.304345000,2.575892000,1.461142000,-0.341650000,-3.002067000,-6.304933000,-9.871578000,-13.194492000,-15.722091000,-17.066353000,-17.234747000,-16.513250000,-15.334393000,-14.193440000,-13.379860000,-12.885055000,-12.606736000,-12.515925000,-12.611041000,-12.905827000,-13.423358000,-14.056517000,-14.417231000,-14.206929000,-13.506743000,-12.539029000,-11.472446000,-10.369025000,-9.240063000,-8.146537000,-7.136354000,-6.167571000,-5.217032000,-4.248145000,-3.242314000,-2.380996000,-1.895405000,-1.904723000,-2.347950000,-3.035551000,-3.703061000
-3.371781000,-4.021593000,-3.785618000,-3.150260000,-2.520272000,-2.156766000,-2.022431000,-1.915181000,-1.701131000,-1.352383000,-0.865603000,-0.270819000,0.409031000,1.090169000,1.626403000,1.961812000,2.125945000,2.204425000,2.307076000,2.426136000,2.483117000,2.510248000,2.531001000,2.476506000,2.378435000,2.296873000,2.266092000,2.258006000,2.205918000,2.120452000,2.026786000,1.928469000,1.839600000,1.773009000,1.809651000,1.931081000,2.077926000,2.222086000,2.350640000,2.494713000,2.669196000,2.803533000,2.860211000,2.854335000,2.809567000,2.758252000,2.697926000,2.644518000,2.668050000,2.801398000,2.998461000,3.205657000,3.421766000,3.652107000,3.784118000,3.671167000,3.302524000,2.741382000,2.079353000,1.344252000,0.399213000,-0.994602000,-3.009104000,-5.608397000,-8.540777000,-11.440558000,-13.892314000,-15.559059000,-16.371658000,-16.450048000,-15.960726000,-15.146949000,-14.326022000,-13.695343000,-13.282348000,-13.045893000,-13.004762000,-13.152465000,-13.424833000,-13.736183000,-14.074257000,-14.360312000,-14.355722000,-13.921961000,-13.162398000,-12.169411000,-11.032026000,-9.920956000,-8.983613000,-8.246025000,-7.610644000,-6.955489000,-6.220814000,-5.409672000,-4.576602000,-3.851522000,-3.423049000,-3.352483000,-3.519090000,-3.666002000,-3.371781000
-4.009589000,-2.384878000,-1.140205000,-0.378787000,-0.316361000,-0.647183000,-1.024048000,-1.258813000,-1.291779000,-1.046760000,-0.476519000,0.398247000,1.482406000,2.602102000,3.587083000,4.316279000,4.750294000,4.911364000,4.882867000,4.707339000,4.374969000,3.912128000,3.368078000,2.838314000,2.375782000,1.970267000,1.634137000,1.409292000,1.292393000,1.275072000,1.324043000,1.385477000,1.406038000,1.401777000,1.522699000,1.775522000,1.930159000,1.878346000,1.803729000,1.882127000,2.069173000,2.228312000,2.342356000,2.472290000,2.689671000,3.029538000,3.449180000,3.837224000,4.138258000,4.376279000,4.631121000,4.902489000,5.088353000,5.153984000,5.127357000,4.900376000,4.332104000,3.440760000,2.439871000,1.387102000,0.113862000,-1.609875000,-3.963091000,-6.866163000,-9.938661000,-12.746013000,-14.902673000,-16.188192000,-16.630669000,-16.394709000,-15.699473000,-14.838832000,-14.046145000,-13.441148000,-13.076355000,-12.881122000,-12.752530000,-12.684871000,-12.745598000,-12.955013000,-13.242726000,-13.557688000,-13.768909000,-13.680223000,-13.164389000,-12.248436000,-11.106710000,-9.864650000,-8.644568000,-7.608251000,-6.826270000,-6.237862000,-5.723205000,-5.113605000,-4.357775000,-3.605650000,-3.090495000,-2.968079000,-3.214604000,-3.641917000,-4.009589000
-5.073975000,-4.023922000,-3.471655000,-2.538525000,-1.600993000,-0.914667000,-0.514924000,-0.286294000,-0.088657000,0.166687000,0.550470000,1.142666000,1.904714000,2.685022000,3.347219000,3.856071000,4.232852000,4.479438000,4.667498000,4.860917000,4.988838000,5.016325000,4.953970000,4.823073000,4.690581000,4.545162000,4.288018000,3.972562000,3.765874000,3.727427000,3.843737000,4.039096000,4.218971000,4.301888000,4.280351000,4.296516000,4.396748000,4.511522000,4.574721000,4.618464000,4.742534000,4.953879000,5.172104000,5.363097000,5.577809000,5.849610000,6.123212000,6.287169000,6.280295000,6.166518000,5.998920000,5.866880000,5.879440000,5.898980000,5.691032000,5.143274000,4.391714000,3.741876000,3.299749000,2.839684000,1.866042000,-0.004894000,-2.706042000,-5.877210000,-9.143494000,-12.095007000,-14.320330000,-15.652379000,-16.103683000,-15.816278000,-15.063584000,-14.216163000,-13.582894000,-13.227068000,-13.047928000,-12.964435000,-12.949959000,-12.952020000,-12.921468000,-12.971182000,-13.236149000,-13.512195000,-13.414905000,-12.627182000,-11.325994000,-10.010512000,-8.925110000,-8.057047000,-7.342682000,-6.706896000,-6.103033000,-5.535495000,-5.008476000,-4.506566000,-4.043103000,-3.718989000,-3.621489000,-3.721321000,-3.918422000,-4.082099000,-4.017229000
-4.716252000,-5.122274000,-4.797703000,-4.433634000,-4.300955000,-4.307997000,-4.203642000,-3.894308000,-3.437912000,-2.917622000,-2.321701000,-1.578299000,-0.656072000,0.370833000,1.292477000,1.943910000,2.342607000,2.613704000,2.791794000,2.803336000,2.659633000,2.376229000,2.074618000,1.895594000,1.776089000,1.604875000,1.407805000,1.265641000,1.154553000,1.036664000,0.940587000,0.865673000,0.830539000,0.904998000,1.064004000,1.196107000,1.243263000,1.226831000,1.192211000,1.134928000,1.077054000,1.070059000,1.098603000,1.173265000,1.371930000,1.702245000,2.111393000,2.504164000,2.833255000,3.094054000,3.219198000,3.213593000,3.168715000,3.139538000,3.166497000,3.230199000,3.203782000,2.957613000,2.392018000,1.499401000,0.457943000,-0.657385000,-2.152925000,-4.292773000,-7.024033000,-10.024636000,-12.963474000,-15.509832000,-17.232199000,-17.934475000,-17.811729000,-17.115395000,-16.126608000,-15.196431000,-14.521457000,-14.021467000,-13.710199000,-13.661939000,-13.798818000,-13.987727000,-14.158521000,-14.337955000,-14.613344000,-14.913003000,-14.955804000,-14.521043000,-13.645497000,-12.512434000,-11.363754000,-10.304946000,-9.247561000,-8.163461000,-7.159640000,-6.356076000,-5.756500000,-5.180514000,-4.614275000,-4.244334000,-4.214569000,-4.464030000,-4.716252000
-4.447684000,-4.681568000,-4.310416000,-3.794096000,-3.394080000,-3.264859000,-3.345381000,-3.431332000,-3.314490000,-2.909109000,-2.288164000,-1.507390000,-0.589711000,0.367031000,1.237993000,1.950228000,2.483686000,2.844651000,3.050042000,3.120632000,3.057490000,2.898488000,2.689469000,2.470065000,2.281980000,2.150808000,2.043972000,1.879853000,1.648677000,1.497000000,1.495765000,1.506314000,1.439725000,1.414635000,1.474907000,1.557217000,1.661701000,1.776321000,1.928130000,2.171277000,2.447803000,2.681735000,2.817145000,2.842408000,2.807733000,2.790043000,2.832845000,2.875722000,2.807327000,2.659230000,2.554753000,2.559357000,2.570629000,2.510117000,2.328542000,1.980690000,1.531343000,0.992847000,0.284152000,-0.615517000,-1.633296000,-2.789372000,-4.256384000,-6.229528000,-8.697188000,-11.461884000,-14.188030000,-16.423372000,-17.845268000,-18.434433000,-18.354988000,-17.769258000,-16.939701000,-16.126074000,-15.480811000,-15.103201000,-15.050358000,-15.246546000,-15.509949000,-15.743785000,-15.911797000,-15.985461000,-16.003155000,-15.942052000,-15.669144000,-15.084099000,-14.144131000,-12.833330000,-11.267019000,-9.756742000,-8.537746000,-7.577913000,-6.761974000,-6.065089000,-5.511235000,-5.094467000,-4.750778000,-4.440837000,-4.259809000,-4.291888000,-4.447684000
-5.677631000,-4.628277000,-4.718503000,-4.594963000,-4.274199000,-3.900511000,-3.606992000,-3.414778000,-3.253733000,-3.026599000,-2.665462000,-2.164881000,-1.514598000,-0.761134000,-0.036568000,0.566341000,1.014368000,1.323604000,1.524416000,1.634528000,1.641878000,1.590017000,1.525344000,1.463902000,1.408043000,1.334227000,1.173185000,0.874090000,0.495376000,0.163926000,-0.055394000,-0.213798000,-0.313614000,-0.312160000,-0.267500000,-0.188520000,-0.039725000,0.169689000,0.422014000,0.672478000,0.927991000,1.164094000,1.340662000,1.516753000,1.720485000,1.872301000,1.914679000,1.893289000,1.852908000,1.783572000,1.659115000,1.477536000,1.295450000,1.149894000,1.015293000,0.822407000,0.456974000,-0.165544000,-0.983562000,-1.893042000,-2.894957000,-4.087931000,-5.562698000,-7.339880000,-9.391510000,-11.598353000,-13.740593000,-15.581803000,-16.871754000,-17.460127000,-17.419613000,-16.970886000,-16.423622000,-15.962280000,-15.560343000,-15.247636000,-15.074119000,-15.046703000,-15.115402000,-15.250405000,-15.516407000,-15.873124000,-16.123241000,-16.062332000,-15.631389000,-14.869305000,-13.835620000,-12.595558000,-11.277026000,-10.015689000,-8.965168000,-8.235040000,-7.687716000,-7.129932000,-6.521731000,-5.902936000,-5.337109000,-4.975246000,-4.943984000,-5.223791000,-5.677631000
-4.872721000,-6.104140000,-6.274881000,-6.023574000,-5.383751000,-4.664668000,-4.191701000,-4.048966000,-4.120446000,-4.242556000,-4.265131000,-4.074021000,-3.612646000,-2.855313000,-1.841245000,-0.689221000,0.385175000,1.113035000,1.469595000,1.693475000,1.900019000,2.022001000,1.948166000,1.718686000,1.494096000,1.308573000,1.136352000,0.989778000,0.827106000,0.659006000,0.561519000,0.514461000,0.501227000,0.528621000,0.579313000,0.625174000,0.628928000,0.583235000,0.490746000,0.422260000,0.391103000,0.356408000,0.336415000,0.358010000,0.423460000,0.505814000,0.577824000,0.654213000,0.749503000,0.852229000,0.968096000,1.077638000,1.186810000,1.299435000,1.392531000,1.410574000,1.293174000,1.073798000,0.792790000,0.418331000,-0.099412000,-0.889228000,-2.226035000,-4.307094000,-6.971089000,-9.771677000,-12.382113000,-14.560699000,-16.085682000,-16.892654000,-17.016806000,-16.628162000,-15.950946000,-15.177490000,-14.563518000,-14.217528000,-14.077615000,-14.109777000,-14.345552000,-14.750230000,-15.215652000,-15.634325000,-15.876564000,-15.747323000,-15.228253000,-14.383953000,-13.200598000,-11.922138000,-10.860180000,-10.047921000,-9.291735000,-8.426796000,-7.389271000,-6.201674000,-4.953245000,-4.065828000,-3.801892000,-3.783129000,-3.771013000,-3.797763000,-3.802144000
-4.510988000,-4.793377000,-4.471401000,-3.950252000,-3.319664000,-2.831788000,-2.644323000,-2.640857000,-2.616702000,-2.400198000,-1.987906000,-1.373987000,-0.585577000,0.237383000,0.964316000,1.507055000,1.835768000,2.082024000,2.248182000,2.207760000,2.036357000,1.886544000,1.704543000,1.531885000,1.446476000,1.351631000,1.138917000,0.831334000,0.596735000,0.546523000,0.639899000,0.769932000,0.897600000,1.046152000,1.203601000,1.389423000,1.590253000,1.733518000,1.812547000,1.942168000,2.104420000,2.137311000,2.116331000,2.146490000,2.170456000,2.194182000,2.251080000,2.293477000,2.322233000,2.340867000,2.379661000,2.461235000,2.602337000,2.811441000,2.976294000,2.951595000,2.713984000,2.317116000,1.780630000,1.123898000,0.342266000,-0.723119000,-2.212356000,-4.242148000,-6.714525000,-9.417109000,-12.131106000,-14.381283000,-15.759534000,-16.302019000,-16.266663000,-15.843021000,-15.235551000,-14.719159000,-14.396265000,-14.271864000,-14.345186000,-14.527596000,-14.734737000,-15.000364000,-15.353056000,-15.689606000,-15.693457000,-15.187603000,-14.311551000,-13.216837000,-12.073277000,-11.046899000,-10.163436000,-9.346164000,-8.586224000,-7.921859000,-7.298865000,-6.606126000,-5.815327000,-4.995694000,-4.249511000,-3.761450000,-3.709049000,-4.051201000,-4.510988000
-4.682832000,-4.780425000,-4.733481000,-4.426513000,-4.051260000,-3.770940000,-3.605501000,-3.486410000,-3.349110000,-3.156825000,-2.862408000,-2.458064000,-1.967111000,-1.437806000,-0.836966000,-0.164882000,0.444898000,0.898676000,1.240775000,1.539500000,1.770419000,1.911940000,1.928441000,1.886734000,1.870223000,1.860955000,1.806674000,1.697650000,1.531943000,1.282223000,1.011649000,0.806104000,0.671309000,0.617182000,0.604338000,0.613813000,0.664790000,0.711854000,0.780876000,0.861066000,0.923256000,0.973662000,1.065972000,1.192064000,1.286649000,1.359550000,1.470898000,1.634008000,1.812594000,1.965962000,2.084991000,2.218276000,2.434034000,2.752069000,3.090087000,3.312906000,3.357573000,3.236129000,2.959164000,2.535377000,1.979765000,1.217981000,0.049692000,-1.691373000,-3.989685000,-6.752114000,-9.827756000,-12.861499000,-15.319163000,-16.822903000,-17.371939000,-17.215141000,-16.500956000,-15.455075000,-14.444861000,-13.708404000,-13.306627000,-13.218465000,-13.423478000,-13.848456000,-14.335846000,-14.727433000,-14.966950000,-15.005168000,-14.671435000,-13.875842000,-12.780046000,-11.595602000,-10.439842000,-9.380116000,-8.415565000,-7.519419000,-6.661507000,-5.851990000,-5.127701000,-4.492336000,-4.008499000,-3.839934000,-4.046766000,-4.453568000,-4.682832000
-5.060059000,-4.478733000,-3.963849000,-3.467489000,-3.217988000,-3.208942000,-3.308437000,-3.366725000,-3.285465000,-3.051001000,-2.666968000,-2.111855000,-1.366654000,-0.478489000,0.418270000,1.190559000,1.769395000,2.150146000,2.370392000,2.500544000,2.562178000,2.526446000,2.456264000,2.443893000,2.419202000,2.292288000,2.103440000,1.888922000,1.654592000,1.481414000,1.446726000,1.496059000,1.529921000,1.550500000,1.583063000,1.615345000,1.694337000,1.804296000,1.867954000,1.854670000,1.824885000,1.823024000,1.785769000,1.700878000,1.654053000,1.751882000,1.988049000,2.280495000,2.516847000,2.609061000,2.611946000,2.637405000,2.690004000,2.703094000,2.643709000,2.463246000,2.146240000,1.692043000,1.049054000,0.233317000,-0.633788000,-1.579790000,-2.852757000,-4.725880000,-7.201794000,-10.030827000,-12.843651000,-15.200039000,-16.746689000,-17.395031000,-17.305872000,-16.719656000,-15.888678000,-15.068879000,-14.422647000,-13.990640000,-13.746983000,-13.652852000,-13.719882000,-13.930171000,-14.201955000,-14.449813000,-14.576325000,-14.466908000,-14.103228000,-13.527310000,-12.729116000,-11.722117000,-10.577623000,-9.399925000,-8.321096000,-7.419016000,-6.697954000,-6.120868000,-5.612017000,-5.066317000,-4.535758000,-4.259471000,-4.353535000,-4.691958000,-5.060059000
-5.278388000,-5.278388000,-5.195073000,-4.768121000,-4.142784000,-3.599937000,-3.385072000,-3.492542000,-3.681666000,-3.698611000,-3.432835000,-2.897987000,-2.097398000,-1.053753000,0.071684000,1.058682000,1.781933000,2.225551000,2.405347000,2.353939000,2.161293000,1.903386000,1.663770000,1.505933000,1.421569000,1.368207000,1.231857000,0.990866000,0.742164000,0.553236000,0.386831000,0.264351000,0.229446000,0.275732000,0.406409000,0.628479000,0.845452000,0.958870000,1.026069000,1.094051000,1.182776000,1.301463000,1.459203000,1.688176000,1.982314000,2.284041000,2.512562000,2.645008000,2.766128000,2.935924000,3.045201000,2.964426000,2.695940000,2.391431000,2.127448000,1.981548000,1.840847000,1.457070000,0.791253000,-0.007230000,-0.771519000,-1.535310000,-2.531950000,-4.081694000,-6.368226000,-9.157984000,-12.048373000,-14.639192000,-16.561739000,-17.679152000,-18.004902000,-17.686039000,-16.993258000,-16.192822000,-15.500830000,-15.031252000,-14.771926000,-14.654120000,-14.571157000,-14.562277000,-14.798820000,-15.178958000,-15.455462000,-15.439414000,-14.997155000,-14.099541000,-12.758045000,-11.290280000,-10.051818000,-9.079233000,-8.276664000,-7.548214000,-6.859481000,-6.193182000,-5.557234000,-4.997181000,-4.548351000,-4.305999000,-4.439059000,-4.902050000,-5.336566000
