-12.707894000,-12.100200000,-11.822701000,-11.761597000,-11.774060000,-11.721692000,-11.478343000,-10.919627000,-9.953335000,-8.724408000,-7.734028000,-7.253872000,-7.327879000,-7.806678000,-8.225948000,-8.338292000,-8.272251000,-8.061454000,-7.682640000,-7.263716000,-6.996115000,-6.954564000,-7.088689000,-7.328266000,-7.707094000,-8.263327000,-8.926889000,-9.491343000,-9.948642000,-10.375589000,-10.715152000,-10.946642000,-11.148700000,-11.257041000,-11.278005000,-11.193788000,-10.974985000,-10.592867000,-10.061681000,-9.499953000,-9.083535000,-8.930666000,-8.886906000,-8.719800000,-8.520479000,-8.475078000,-8.510073000,-8.525394000,-8.560874000,-8.625558000,-8.717705000,-8.857338000,-8.971244000,-8.956805000,-9.034477000,-9.343210000,-9.634485000,-9.733070000,-9.636996000,-9.367072000,-9.011153000,-8.639389000,-8.307973000,-8.185180000,-8.408937000,-8.879930000,-9.213696000,-9.223953000,-9.171931000,-9.079362000,-8.781258000,-8.464221000,-8.372387000,-8.575724000,-8.885130000,-9.104900000,-9.277582000,-9.456927000,-9.653646000,-9.840745000,-10.016923000,-10.169138000,-10.273704000,-10.324006000,-10.368953000,-10.440657000,-10.535811000,-10.646141000,-10.726478000,-10.726554000,-10.658488000,-10.548196000,-10.452991000,-10.533870000,-10.943262000,-11.805912000,-13.050928000,-14.326719000,-15.030394000,-14.647668000,-13.356057000
-13.356057000,-11.855995000,-10.760983000,-10.174294000,-9.862753000,-9.605851000,-9.324060000,-9.103407000,-8.964576000,-8.835736000,-8.766087000,-8.781680000,-8.975703000,-9.279395000,-9.432027000,-9.306355000,-8.965389000,-8.480935000,-7.922018000,-7.475678000,-7.323999000,-7.432754000,-7.743117000,-8.146699000,-8.542692000,-8.982419000,-9.523166000,-10.127722000,-10.704898000,-11.120784000,-11.358195000,-11.456784000,-11.465712000,-11.345592000,-11.020640000,-10.503222000,-9.866224000,-9.202989000,-8.692060000,-8.376058000,-8.211815000,-8.177237000,-8.195382000,-8.256844000,-8.414923000,-8.626511000,-8.822461000,-8.992317000,-9.135676000,-9.281989000,-9.460046000,-9.639218000,-9.784856000,-9.860629000,-9.856907000,-9.792790000,-9.721231000,-9.626061000,-9.462464000,-9.208125000,-8.870599000,-8.561776000,-8.467585000,-8.712790000,-9.217544000,-9.658010000,-9.717310000,-9.227276000,-8.320624000,-7.344724000,-6.602930000,-6.293893000,-6.444610000,-6.869930000,-7.341811000,-7.737726000,-8.019412000,-8.182872000,-8.275690000,-8.331633000,-8.362226000,-8.349067000,-8.301568000,-8.278723000,-8.356971000,-8.555079000,-8.780840000,-8.936903000,-8.984932000,-8.950453000,-8.962401000,-9.090427000,-9.292841000,-9.589093000,-10.131630000,-11.023560000,-12.200927000,-13.334513000,-13.928224000,-13.723269000,-12.943509000
-12.943509000,-12.075311000,-11.395171000,-10.877423000,-10.294683000,-9.532062000,-8.760640000,-8.270437000,-8.220509000,-8.567997000,-9.163553000,-9.907803000,-10.635753000,-11.054605000,-11.037037000,-10.772139000,-10.446613000,-10.232124000,-10.222249000,-10.393556000,-10.672992000,-11.041633000,-11.514969000,-11.995199000,-12.361703000,-12.659068000,-12.958665000,-13.147053000,-13.135114000,-13.021320000,-12.872104000,-12.630108000,-12.248242000,-11.745287000,-11.239928000,-10.839960000,-10.585640000,-10.457040000,-10.413580000,-10.455542000,-10.540637000,-10.591146000,-10.584074000,-10.534418000,-10.422415000,-10.228318000,-9.982808000,-9.682648000,-9.327168000,-8.967586000,-8.675080000,-8.510384000,-8.528533000,-8.728952000,-9.013493000,-9.251535000,-9.407309000,-9.510427000,-9.582604000,-9.603585000,-9.556032000,-9.542663000,-9.772504000,-10.300760000,-10.834564000,-11.007040000,-10.630409000,-9.749109000,-8.660090000,-7.649487000,-6.926795000,-6.554374000,-6.449881000,-6.607296000,-6.921821000,-7.287267000,-7.646375000,-7.984078000,-8.334225000,-8.632299000,-8.796090000,-8.850964000,-8.867960000,-8.872738000,-8.856328000,-8.807292000,-8.763837000,-8.810709000,-8.890127000,-8.799319000,-8.628557000,-8.704273000,-9.081062000,-9.607365000,-10.228991000,-10.990145000,-11.908374000,-12.713011000,-12.888859000,-12.284164000,-11.322678000
-11.322678000,-10.544097000,-10.154206000,-10.042212000,-10.023376000,-9.930927000,-9.682312000,-9.348091000,-9.009894000,-8.692475000,-8.383943000,-8.193674000,-8.264664000,-8.466788000,-8.529294000,-8.323992000,-7.830995000,-7.230592000,-6.779302000,-6.524948000,-6.376410000,-6.367467000,-6.628213000,-7.177662000,-7.865904000,-8.534701000,-9.052170000,-9.381043000,-9.579327000,-9.720161000,-9.822861000,-9.840004000,-9.714589000,-9.428315000,-9.056271000,-8.656596000,-8.292551000,-8.011644000,-7.845865000,-7.824257000,-7.932488000,-8.092250000,-8.212034000,-8.321749000,-8.461508000,-8.602629000,-8.725936000,-8.791409000,-8.789157000,-8.736570000,-8.637342000,-8.547650000,-8.558055000,-8.710522000,-8.983670000,-9.321059000,-9.649853000,-9.912956000,-10.064380000,-10.053727000,-9.921252000,-9.868347000,-10.056640000,-10.391970000,-10.620677000,-10.453474000,-9.716222000,-8.530794000,-7.280554000,-6.372399000,-5.978363000,-6.105929000,-6.566414000,-7.170726000,-7.813912000,-8.428995000,-8.989000000,-9.420851000,-9.674706000,-9.744245000,-9.652334000,-9.502337000,-9.397897000,-9.181153000,-8.922491000,-9.039530000,-9.099355000,-8.808711000,-8.574209000,-8.539391000,-8.611795000,-8.703693000,-8.840749000,-9.127766000,-9.696662000,-10.607597000,-11.740296000,-12.683118000,-12.952333000,-12.506998000,-11.664662000
-12.552378000,-11.611363000,-11.148154000,-10.956980000,-10.612038000,-9.912079000,-9.095165000,-8.502213000,-8.325845000,-8.628029000,-9.277877000,-10.151173000,-10.998184000,-11.446465000,-11.311162000,-10.715559000,-10.055117000,-9.634865000,-9.462806000,-9.418162000,-9.503601000,-9.770962000,-10.170259000,-10.645802000,-11.145453000,-11.567754000,-11.826173000,-11.985944000,-12.088923000,-12.088944000,-11.995016000,-11.902796000,-11.725121000,-11.397194000,-10.974735000,-10.533393000,-10.088363000,-9.748285000,-9.582983000,-9.522245000,-9.478077000,-9.325069000,-9.039151000,-8.841146000,-8.863837000,-9.023915000,-9.093906000,-9.083134000,-9.092097000,-9.148516000,-9.217381000,-9.277690000,-9.387001000,-9.645091000,-9.963301000,-10.119360000,-9.955806000,-9.536179000,-9.037053000,-8.607135000,-8.457304000,-8.671951000,-9.039301000,-9.329391000,-9.426135000,-9.180609000,-8.600675000,-7.891037000,-7.285197000,-6.920186000,-6.789454000,-6.787069000,-6.829847000,-6.852936000,-6.807045000,-6.672108000,-6.448968000,-6.180124000,-5.856787000,-5.498891000,-5.159216000,-4.951434000,-4.900976000,-4.935174000,-5.094593000,-5.448230000,-5.995490000,-6.620409000,-7.266889000,-7.939639000,-8.698778000,-9.500635000,-10.245838000,-11.003593000,-11.901392000,-13.013086000,-14.332324000,-15.632676000,-16.491072000,-16.556549000,-15.830138000
-15.830138000,-14.729929000,-13.641617000,-12.698064000,-11.813101000,-10.841646000,-9.723547000,-8.517677000,-7.393997000,-6.527626000,-6.067912000,-6.174354000,-6.836813000,-7.776180000,-8.603222000,-9.019520000,-8.953197000,-8.594683000,-8.223852000,-7.996729000,-7.987479000,-8.158874000,-8.384040000,-8.593236000,-8.749576000,-8.903401000,-9.115009000,-9.348177000,-9.574651000,-9.743132000,-9.845094000,-9.897716000,-9.916393000,-9.867355000,-9.642570000,-9.302587000,-9.013887000,-8.765155000,-8.496139000,-8.208430000,-7.978661000,-7.884946000,-7.868424000,-7.817305000,-7.731241000,-7.613715000,-7.504898000,-7.446901000,-7.402588000,-7.358999000,-7.334600000,-7.368707000,-7.471609000,-7.650432000,-7.891026000,-8.161644000,-8.480680000,-8.860326000,-9.277337000,-9.723895000,-10.153216000,-10.587667000,-11.038798000,-11.368865000,-11.312437000,-10.670583000,-9.494095000,-8.106480000,-6.904788000,-6.104121000,-5.762024000,-5.722713000,-5.779160000,-5.859524000,-5.934803000,-6.051731000,-6.230943000,-6.479419000,-6.816419000,-7.226579000,-7.661522000,-8.108085000,-8.570101000,-9.023643000,-9.450599000,-9.841245000,-10.156110000,-10.359714000,-10.486721000,-10.590754000,-10.711465000,-10.851124000,-10.988988000,-11.161731000,-11.428292000,-11.865341000,-12.481907000,-13.041684000,-13.207270000,-12.894488000,-12.364922000
-12.364922000,-11.948470000,-11.804196000,-11.827996000,-11.779135000,-11.458459000,-10.900685000,-10.335971000,-9.984567000,-9.877772000,-10.037516000,-10.546309000,-11.218181000,-11.676902000,-11.741670000,-11.409094000,-10.847269000,-10.295894000,-9.904118000,-9.767663000,-9.890140000,-10.199318000,-10.629416000,-11.150785000,-11.664316000,-12.084484000,-12.457830000,-12.817101000,-13.094026000,-13.156137000,-12.980650000,-12.719827000,-12.388454000,-11.970039000,-11.451628000,-10.900449000,-10.384986000,-9.966742000,-9.704328000,-9.572121000,-9.496526000,-9.404203000,-9.262207000,-9.117744000,-8.983986000,-8.874956000,-8.784094000,-8.707367000,-8.647658000,-8.630785000,-8.688008000,-8.780807000,-8.898942000,-9.033031000,-9.141683000,-9.235013000,-9.252627000,-9.160491000,-9.032925000,-8.903582000,-8.796069000,-8.823165000,-9.080397000,-9.532168000,-10.011695000,-10.289721000,-10.236048000,-9.844885000,-9.246659000,-8.694427000,-8.338664000,-8.154924000,-8.121060000,-8.133080000,-8.080038000,-7.946488000,-7.748617000,-7.595166000,-7.540434000,-7.566308000,-7.668620000,-7.844124000,-8.056108000,-8.309538000,-8.653774000,-9.108284000,-9.655720000,-10.307061000,-11.036667000,-11.781887000,-12.531821000,-13.271098000,-13.929266000,-14.520049000,-15.139138000,-15.856104000,-16.721758000,-17.536261000,-17.809994000,-17.202259000,-15.897302000
-15.897302000,-14.409853000,-13.155045000,-12.250098000,-11.576196000,-10.921085000,-10.217229000,-9.603859000,-9.225128000,-9.127866000,-9.214628000,-9.320099000,-9.409932000,-9.458697000,-9.323929000,-8.923051000,-8.337154000,-7.749132000,-7.324582000,-7.129134000,-7.137042000,-7.305865000,-7.581760000,-7.946710000,-8.427880000,-9.008999000,-9.575273000,-10.075400000,-10.477891000,-10.743752000,-10.879907000,-10.836382000,-10.579229000,-10.081606000,-9.461512000,-8.898486000,-8.439698000,-8.034235000,-7.735031000,-7.612556000,-7.595104000,-7.614194000,-7.682707000,-7.795599000,-7.892639000,-7.988995000,-8.055909000,-8.171600000,-8.271010000,-8.115840000,-7.951064000,-8.127030000,-8.424776000,-8.557549000,-8.562269000,-8.525970000,-8.374878000,-8.197037000,-8.082836000,-8.088128000,-8.211575000,-8.499613000,-9.128899000,-9.990906000,-10.893102000,-11.599979000,-11.713763000,-11.124444000,-10.106158000,-9.039798000,-8.236040000,-7.883296000,-7.875787000,-8.040308000,-8.179720000,-8.066630000,-7.946323000,-8.149661000,-8.578438000,-8.831725000,-8.828406000,-8.726686000,-8.662498000,-8.664779000,-8.771004000,-8.940462000,-9.192226000,-9.551325000,-9.956598000,-10.363660000,-10.786091000,-11.180690000,-11.499670000,-11.789733000,-12.175725000,-12.808654000,-13.739954000,-14.705807000,-15.186104000,-14.895303000,-14.078068000
-18.025980000,-16.842791000,-15.573414000,-14.468278000,-13.601016000,-12.841928000,-12.111499000,-11.428516000,-10.812521000,-10.389065000,-10.181190000,-10.086923000,-10.143176000,-10.456858000,-10.790061000,-10.914938000,-10.709381000,-10.286624000,-9.822578000,-9.464355000,-9.334660000,-9.461393000,-9.750978000,-10.008001000,-10.241324000,-10.538194000,-10.796802000,-10.894406000,-10.927856000,-10.860647000,-10.605265000,-10.176842000,-9.669894000,-9.091125000,-8.357401000,-7.512770000,-6.651111000,-5.815952000,-5.235778000,-5.169964000,-5.597625000,-6.102396000,-6.390870000,-6.488784000,-6.537074000,-6.653738000,-6.792419000,-6.921967000,-7.031263000,-7.085365000,-7.082639000,-7.114871000,-7.293727000,-7.576586000,-7.866002000,-8.105718000,-8.273719000,-8.336347000,-8.284993000,-8.274711000,-8.474429000,-9.052745000,-10.028883000,-10.933111000,-11.391621000,-11.195668000,-10.281373000,-8.922955000,-7.589268000,-6.709346000,-6.356219000,-6.286932000,-6.295888000,-6.335542000,-6.411477000,-6.533964000,-6.745513000,-7.057133000,-7.525205000,-8.173602000,-8.841491000,-9.382455000,-9.789876000,-10.115742000,-10.427462000,-10.773469000,-11.177807000,-11.643343000,-12.069556000,-12.364336000,-12.628321000,-12.921614000,-13.199956000,-13.450382000,-13.735744000,-14.119845000,-14.560545000,-14.960602000,-15.078523000,-14.627836000,-13.612268000
-13.612268000,-12.459798000,-11.666495000,-11.251314000,-10.927647000,-10.438138000,-9.694847000,-8.896342000,-8.291409000,-7.953414000,-7.966690000,-8.406888000,-9.056627000,-9.585862000,-9.675113000,-9.191162000,-8.395122000,-7.689168000,-7.263819000,-7.084234000,-7.112280000,-7.276505000,-7.588126000,-8.047319000,-8.570154000,-9.036034000,-9.405577000,-9.720216000,-9.967949000,-10.139275000,-10.208871000,-10.154783000,-9.951672000,-9.544952000,-8.996127000,-8.423699000,-7.949506000,-7.634470000,-7.450861000,-7.359062000,-7.303089000,-7.261568000,-7.263184000,-7.327913000,-7.439445000,-7.538324000,-7.575778000,-7.552758000,-7.520229000,-7.543989000,-7.653563000,-7.832611000,-8.060305000,-8.289222000,-8.460024000,-8.535986000,-8.451165000,-8.237354000,-8.002663000,-7.841015000,-7.846257000,-8.112170000,-8.663739000,-9.385227000,-10.034760000,-10.350964000,-10.210359000,-9.655677000,-8.879179000,-8.153598000,-7.679022000,-7.492475000,-7.451174000,-7.411179000,-7.288665000,-7.108088000,-6.987430000,-6.952704000,-6.961421000,-7.022225000,-7.168710000,-7.377418000,-7.654236000,-8.031989000,-8.531756000,-9.084579000,-9.653745000,-10.223997000,-10.747293000,-11.239199000,-11.787030000,-12.405581000,-13.034452000,-13.630854000,-14.292802000,-15.139632000,-16.173935000,-17.157967000,-17.631638000,-17.260981000,-16.157885000
-16.157885000,-14.770010000,-13.551719000,-12.616642000,-11.908180000,-11.265494000,-10.612772000,-10.115236000,-9.933124000,-10.073907000,-10.418116000,-10.853514000,-11.313042000,-11.587640000,-11.529967000,-11.207648000,-10.706931000,-10.150321000,-9.652211000,-9.290082000,-9.179210000,-9.337132000,-9.646079000,-10.000562000,-10.393077000,-10.810908000,-11.166653000,-11.362063000,-11.398290000,-11.336798000,-11.268277000,-11.213305000,-11.050211000,-10.722519000,-10.283997000,-9.837974000,-9.471038000,-9.187206000,-8.998012000,-8.939227000,-8.985944000,-9.114188000,-9.295969000,-9.468654000,-9.617169000,-9.760336000,-9.874066000,-9.903524000,-9.846519000,-9.768293000,-9.683815000,-9.604817000,-9.529841000,-9.456158000,-9.364899000,-9.230585000,-9.057220000,-8.853381000,-8.661943000,-8.570094000,-8.652925000,-8.980549000,-9.562993000,-10.229355000,-10.654297000,-10.550610000,-9.892523000,-8.874332000,-7.797946000,-6.934977000,-6.424876000,-6.157906000,-5.990519000,-5.882344000,-5.828921000,-5.790470000,-5.741624000,-5.705663000,-5.691482000,-5.682586000,-5.707725000,-5.782741000,-5.886423000,-6.092239000,-6.564124000,-7.190049000,-7.795621000,-8.448033000,-9.228380000,-10.020749000,-10.674541000,-11.162014000,-11.555390000,-11.946393000,-12.436626000,-13.106382000,-13.961492000,-14.806060000,-15.301395000,-15.310712000,-15.027350000
-15.027350000,-14.738706000,-14.563932000,-14.426476000,-14.168815000,-13.648960000,-12.752772000,-11.532829000,-10.176915000,-8.873594000,-7.911112000,-7.535392000,-7.688819000,-8.034359000,-8.129962000,-7.832628000,-7.406494000,-7.127748000,-7.129072000,-7.323019000,-7.588492000,-7.889025000,-8.265351000,-8.734151000,-9.148806000,-9.321816000,-9.285034000,-9.145114000,-8.943437000,-8.713449000,-8.441962000,-8.137875000,-7.845773000,-7.396804000,-6.784491000,-6.208767000,-5.802630000,-5.587995000,-5.482519000,-5.431553000,-5.484880000,-5.627702000,-5.843346000,-6.109616000,-6.338072000,-6.503838000,-6.653920000,-6.778337000,-6.840487000,-6.956096000,-7.176035000,-7.387152000,-7.543263000,-7.716733000,-7.939661000,-8.121896000,-8.183152000,-8.158931000,-8.094785000,-8.006264000,-8.034052000,-8.327933000,-8.882757000,-9.453501000,-9.701252000,-9.476472000,-8.741279000,-7.555197000,-6.410391000,-5.756325000,-5.512526000,-5.356699000,-5.257553000,-5.285911000,-5.453662000,-5.718290000,-6.075360000,-6.531097000,-7.068750000,-7.589375000,-7.962410000,-8.171254000,-8.250411000,-8.303897000,-8.550742000,-9.022458000,-9.434941000,-9.864206000,-10.458130000,-11.140533000,-11.824331000,-12.475939000,-13.090790000,-13.683196000,-14.451850000,-15.557059000,-16.862720000,-18.044716000,-18.715715000,-18.609650000,-17.692757000
-16.819628000,-15.851224000,-15.127439000,-14.419687000,-13.575483000,-12.643639000,-11.882090000,-11.539524000,-11.752056000,-12.497710000,-13.615341000,-14.847878000,-15.874928000,-16.387642000,-16.336441000,-15.849614000,-15.072110000,-14.240906000,-13.699261000,-13.524534000,-13.620960000,-13.748610000,-13.748230000,-13.884485000,-14.065975000,-14.150509000,-14.149218000,-13.931196000,-13.686208000,-13.523950000,-13.290133000,-12.877246000,-12.383030000,-11.900373000,-11.331786000,-10.668399000,-9.982508000,-9.413354000,-9.250390000,-9.712721000,-10.404884000,-10.804270000,-10.868399000,-10.726298000,-10.583042000,-10.667762000,-10.845819000,-10.892393000,-10.839032000,-10.723718000,-10.671420000,-10.545702000,-10.310414000,-10.090438000,-9.986156000,-9.910417000,-9.746387000,-9.538997000,-9.445282000,-9.562868000,-9.977344000,-10.720569000,-11.581604000,-12.118183000,-11.933086000,-11.208932000,-10.288443000,-9.336077000,-8.488347000,-7.988646000,-7.972706000,-8.151108000,-8.333809000,-8.532089000,-8.731832000,-9.041685000,-9.404196000,-9.696215000,-9.922531000,-10.111589000,-10.267894000,-10.332435000,-10.248115000,-10.076634000,-9.958338000,-9.992812000,-10.144596000,-10.299118000,-10.475211000,-10.765745000,-11.154667000,-11.583194000,-12.070835000,-12.768652000,-13.840003000,-15.203918000,-16.573805000,-17.460327000,-17.516096000,-16.945398000,-16.243113000
-16.243113000,-15.619856000,-15.102316000,-14.748474000,-14.539721000,-14.196784000,-13.490876000,-12.493287000,-11.433407000,-10.493548000,-9.802898000,-9.581141000,-9.895163000,-10.430042000,-10.711859000,-10.467262000,-9.832872000,-9.139575000,-8.639076000,-8.468970000,-8.620756000,-8.953856000,-9.296162000,-9.555987000,-9.755049000,-9.950591000,-10.133601000,-10.312260000,-10.427625000,-10.447383000,-10.338622000,-10.099374000,-9.754908000,-9.409275000,-9.124220000,-8.832040000,-8.480124000,-8.075019000,-7.655871000,-7.342829000,-7.235491000,-7.261383000,-7.302547000,-7.294617000,-7.296913000,-7.356470000,-7.403578000,-7.395508000,-7.339313000,-7.272509000,-7.255709000,-7.301081000,-7.391247000,-7.521285000,-7.645496000,-7.746530000,-7.833260000,-7.946910000,-8.164794000,-8.489437000,-8.888730000,-9.414499000,-10.096773000,-10.759585000,-11.050479000,-10.690367000,-9.734971000,-8.564421000,-7.560436000,-6.930852000,-6.659671000,-6.597308000,-6.633101000,-6.717055000,-6.812328000,-6.956352000,-7.203661000,-7.456694000,-7.609479000,-7.690991000,-7.804805000,-7.949529000,-8.115537000,-8.307024000,-8.567242000,-8.948679000,-9.415046000,-9.898404000,-10.378575000,-10.863221000,-11.403389000,-12.014037000,-12.628820000,-13.324323000,-14.238203000,-15.447349000,-16.839649000,-18.008421000,-18.476721000,-18.099480000,-17.145222000
-17.145222000,-16.051094000,-15.122584000,-14.385072000,-13.644946000,-12.660883000,-11.407699000,-10.130960000,-9.144762000,-8.623533000,-8.659348000,-9.220793000,-10.058588000,-10.760177000,-11.049551000,-10.938091000,-10.540117000,-10.026456000,-9.572367000,-9.315038000,-9.269340000,-9.378315000,-9.613385000,-9.953627000,-10.324498000,-10.664251000,-10.935959000,-11.138016000,-11.307734000,-11.306792000,-11.083194000,-10.733459000,-10.315475000,-9.829171000,-9.343801000,-8.918195000,-8.541428000,-8.164628000,-7.866962000,-7.696903000,-7.604795000,-7.531783000,-7.536088000,-7.644882000,-7.740269000,-7.779033000,-7.782345000,-7.753856000,-7.676966000,-7.588926000,-7.577732000,-7.678973000,-7.863629000,-8.127358000,-8.449614000,-8.727098000,-8.881541000,-8.937641000,-8.967409000,-8.998957000,-9.015199000,-9.103207000,-9.406020000,-9.857800000,-10.231179000,-10.235424000,-9.759739000,-8.943428000,-8.060761000,-7.365736000,-6.923554000,-6.723927000,-6.641787000,-6.519014000,-6.351975000,-6.215484000,-6.168684000,-6.216343000,-6.327911000,-6.431522000,-6.495495000,-6.599220000,-6.819874000,-7.177107000,-7.700256000,-8.367674000,-9.114944000,-9.888914000,-10.647122000,-11.370605000,-12.082117000,-12.785197000,-13.422154000,-13.991381000,-14.617516000,-15.372213000,-16.193455000,-16.753887000,-16.627939000,-15.732449000,-14.427933000
-14.427933000,-13.251598000,-12.395261000,-11.774646000,-11.232818000,-10.674107000,-10.097767000,-9.530054000,-9.002190000,-8.553940000,-8.296584000,-8.418474000,-8.995483000,-9.813001000,-10.454575000,-10.571829000,-10.166464000,-9.476516000,-8.730327000,-8.123600000,-7.791728000,-7.751873000,-7.964192000,-8.367223000,-8.868019000,-9.343475000,-9.741689000,-10.064659000,-10.329146000,-10.552499000,-10.774685000,-10.932175000,-10.855432000,-10.512126000,-10.068823000,-9.675247000,-9.282201000,-8.866838000,-8.520131000,-8.229828000,-7.968053000,-7.845769000,-7.972610000,-8.149167000,-8.158257000,-8.059435000,-7.988232000,-7.994911000,-7.939401000,-7.716289000,-7.572929000,-7.728099000,-7.983283000,-8.184797000,-8.357847000,-8.430749000,-8.334840000,-8.156228000,-8.059081000,-8.045288000,-8.097681000,-8.368660000,-8.873510000,-9.509312000,-10.254361000,-10.859504000,-10.877709000,-10.207660000,-9.225018000,-8.417210000,-7.958840000,-7.803066000,-7.763554000,-7.638815000,-7.577321000,-7.644223000,-7.747876000,-7.996753000,-8.358573000,-8.578064000,-8.627942000,-8.834406000,-9.145218000,-9.439381000,-9.749630000,-10.096125000,-10.463455000,-10.889134000,-11.374434000,-11.835109000,-12.230849000,-12.631418000,-13.084683000,-13.593380000,-14.121092000,-14.657547000,-15.122907000,-15.214566000,-14.638349000,-13.504771000,-12.247531000
-17.728279000,-16.120029000,-14.344748000,-12.947436000,-11.956053000,-11.045170000,-9.955173000,-8.940338000,-8.412497000,-8.518656000,-9.142181000,-10.048079000,-11.113521000,-12.039663000,-12.383142000,-11.995129000,-11.158313000,-10.252398000,-9.445655000,-8.847896000,-8.496887000,-8.375618000,-8.503650000,-8.906409000,-9.497230000,-10.098697000,-10.642858000,-11.048985000,-11.208119000,-11.183983000,-11.014603000,-10.726082000,-10.343355000,-9.857886000,-9.297518000,-8.650514000,-8.004188000,-7.569674000,-7.486924000,-7.583801000,-7.611949000,-7.564363000,-7.588068000,-7.680124000,-7.696230000,-7.562840000,-7.413117000,-7.432817000,-7.667972000,-7.972256000,-8.223454000,-8.416314000,-8.464612000,-8.484998000,-8.650295000,-8.949677000,-9.214646000,-9.342500000,-9.388482000,-9.410000000,-9.303892000,-9.053836000,-8.756712000,-8.733426000,-9.056384000,-9.450145000,-9.549777000,-9.146578000,-8.299465000,-7.340638000,-6.615730000,-6.241294000,-6.234990000,-6.556259000,-6.995108000,-7.412791000,-7.787934000,-8.145024000,-8.542850000,-9.006600000,-9.507961000,-10.010845000,-10.543374000,-11.068295000,-11.573056000,-12.084579000,-12.622457000,-13.169942000,-13.679662000,-14.174644000,-14.641357000,-15.035922000,-15.366183000,-15.620094000,-15.821842000,-16.058672000,-16.415020000,-16.858204000,-17.186893000,-17.116037000,-16.523804000
-16.523804000,-15.548054000,-14.504037000,-13.681976000,-13.067941000,-12.387113000,-11.425417000,-10.336500000,-9.436435000,-8.898750000,-8.802746000,-9.272416000,-10.261017000,-11.340269000,-11.952820000,-11.869621000,-11.263410000,-10.431788000,-9.660370000,-9.156793000,-8.964563000,-9.019016000,-9.263249000,-9.607697000,-9.991035000,-10.421158000,-10.907861000,-11.363708000,-11.642234000,-11.709344000,-11.633236000,-11.478702000,-11.259585000,-10.929689000,-10.462348000,-9.928443000,-9.425893000,-8.988412000,-8.615043000,-8.370728000,-8.269979000,-8.252395000,-8.282417000,-8.372355000,-8.521145000,-8.672054000,-8.747563000,-8.740901000,-8.679377000,-8.568604000,-8.430387000,-8.362742000,-8.429816000,-8.602150000,-8.827227000,-9.047958000,-9.216425000,-9.355108000,-9.517372000,-9.707225000,-9.965747000,-10.381968000,-10.911795000,-11.321054000,-11.341220000,-10.852355000,-10.005054000,-9.079613000,-8.224387000,-7.503072000,-7.087751000,-6.939791000,-6.852333000,-6.783760000,-6.742211000,-6.707393000,-6.712912000,-6.759022000,-6.777987000,-6.799188000,-6.935454000,-7.170774000,-7.430902000,-7.740338000,-8.134293000,-8.623192000,-9.158090000,-9.692733000,-10.236537000,-10.830086000,-11.459815000,-12.064602000,-12.643572000,-13.239650000,-13.926528000,-14.845018000,-16.081100000,-17.400589000,-18.311243000,-18.472536000,-17.932037000
-17.932037000,-17.028305000,-16.011173000,-15.080964000,-14.322392000,-13.609982000,-12.725275000,-11.626603000,-10.535111000,-9.723011000,-9.290541000,-9.325263000,-9.856764000,-10.655703000,-11.339356000,-11.595440000,-11.413487000,-10.969502000,-10.459645000,-10.048671000,-9.836393000,-9.818947000,-9.896565000,-9.983011000,-10.048371000,-10.115483000,-10.171479000,-10.104858000,-9.892398000,-9.634783000,-9.365926000,-9.009986000,-8.566639000,-8.138150000,-7.750147000,-7.387941000,-7.111894000,-6.916421000,-6.818944000,-6.795687000,-6.806593000,-6.882984000,-6.986598000,-7.077050000,-7.162349000,-7.258784000,-7.376241000,-7.481400000,-7.490998000,-7.424844000,-7.357657000,-7.316806000,-7.333572000,-7.454607000,-7.680061000,-7.949310000,-8.199403000,-8.382249000,-8.487800000,-8.516378000,-8.493950000,-8.505428000,-8.705034000,-9.141802000,-9.605912000,-9.752852000,-9.407272000,-8.652309000,-7.752438000,-7.009858000,-6.627419000,-6.663373000,-7.002700000,-7.398346000,-7.727349000,-7.959465000,-8.145250000,-8.405737000,-8.804182000,-9.269660000,-9.726193000,-10.141463000,-10.532555000,-10.954729000,-11.410288000,-11.845934000,-12.200315000,-12.475981000,-12.746572000,-13.032567000,-13.399590000,-13.905003000,-14.512262000,-15.092640000,-15.678099000,-16.372408000,-17.246815000,-18.182291000,-18.741571000,-18.502611000,-17.357487000
-17.357487000,-15.547784000,-13.820313000,-12.589991000,-11.847546000,-11.394105000,-10.912623000,-10.255531000,-9.570827000,-9.049399000,-8.758676000,-8.652238000,-8.712660000,-8.937279000,-9.184584000,-9.266325000,-9.128781000,-8.806381000,-8.355058000,-7.888549000,-7.540921000,-7.392966000,-7.436510000,-7.624479000,-7.973174000,-8.437750000,-8.863000000,-9.201597000,-9.519500000,-9.781091000,-9.785968000,-9.538273000,-9.123809000,-8.614055000,-8.067843000,-7.545547000,-7.119058000,-6.807435000,-6.602287000,-6.512511000,-6.516773000,-6.642390000,-6.859345000,-7.061061000,-7.184516000,-7.265856000,-7.382031000,-7.495776000,-7.449386000,-7.312422000,-7.387765000,-7.551862000,-7.670554000,-7.701156000,-7.660378000,-7.604052000,-7.601964000,-7.511028000,-7.323353000,-7.354882000,-7.784355000,-8.566226000,-9.633816000,-10.756975000,-11.688320000,-12.345497000,-12.560706000,-12.195731000,-11.414912000,-10.446043000,-9.437302000,-8.552440000,-7.993308000,-7.659036000,-7.232435000,-6.696891000,-6.214350000,-5.794601000,-5.455925000,-5.161926000,-4.926211000,-4.744893000,-4.571942000,-4.491288000,-4.576859000,-4.816075000,-5.191090000,-5.696447000,-6.267856000,-6.833430000,-7.464665000,-8.207827000,-9.007921000,-9.859982000,-10.859652000,-12.082019000,-13.569024000,-15.254132000,-16.781197000,-17.619236000,-17.531216000
-14.927314000,-13.711954000,-12.724009000,-11.786182000,-10.732272000,-9.794361000,-9.457782000,-9.648036000,-10.130387000,-10.839806000,-11.752094000,-12.593240000,-12.799660000,-12.378345000,-11.596586000,-10.666094000,-9.836354000,-9.271026000,-9.028285000,-9.056338000,-9.246353000,-9.540704000,-10.003863000,-10.555302000,-11.063066000,-11.464700000,-11.781731000,-12.020584000,-12.109153000,-12.023601000,-11.799423000,-11.450770000,-10.947474000,-10.231324000,-9.295703000,-8.384809000,-7.738307000,-7.246756000,-6.811664000,-6.479773000,-6.282468000,-6.180900000,-6.165690000,-6.240915000,-6.390195000,-6.520254000,-6.566813000,-6.559903000,-6.588839000,-6.675023000,-6.850253000,-7.201161000,-7.669988000,-8.131461000,-8.542748000,-8.837748000,-8.994458000,-9.060000000,-9.121582000,-9.170915000,-9.189109000,-9.342631000,-9.733448000,-10.203349000,-10.404873000,-10.161427000,-9.573673000,-8.760064000,-7.922235000,-7.439271000,-7.414685000,-7.599357000,-7.831645000,-8.029057000,-8.223854000,-8.473239000,-8.750206000,-8.993936000,-9.187465000,-9.340455000,-9.492687000,-9.719497000,-10.033285000,-10.376061000,-10.614055000,-10.775525000,-11.046288000,-11.454953000,-11.920195000,-12.434267000,-13.017158000,-13.659707000,-14.349176000,-15.110627000,-15.941610000,-16.815678000,-17.680246000,-18.305126000,-18.273024000,-17.421999000,-16.088764000
-16.088764000,-14.843571000,-13.899515000,-13.042029000,-12.026002000,-10.745364000,-9.255708000,-7.858032000,-6.909976000,-6.610190000,-7.010441000,-8.014338000,-9.263595000,-10.213459000,-10.424363000,-9.815656000,-8.721717000,-7.637483000,-6.900553000,-6.550278000,-6.446626000,-6.506151000,-6.637932000,-6.801090000,-7.031926000,-7.358406000,-7.709734000,-7.986651000,-8.200408000,-8.305881000,-8.290538000,-8.179157000,-8.010425000,-7.784088000,-7.472035000,-7.171831000,-6.982695000,-6.891217000,-6.823959000,-6.779989000,-6.806322000,-6.868180000,-6.907877000,-6.913759000,-6.903814000,-6.891152000,-6.856198000,-6.821407000,-6.818631000,-6.838752000,-6.918492000,-7.124257000,-7.459530000,-7.845052000,-8.168646000,-8.338499000,-8.307210000,-8.110617000,-7.863544000,-7.649983000,-7.622519000,-7.937062000,-8.554360000,-9.210848000,-9.590167000,-9.481826000,-8.826315000,-7.787289000,-6.755380000,-6.081421000,-5.867102000,-6.034346000,-6.460647000,-6.933314000,-7.273223000,-7.514180000,-7.758200000,-8.042946000,-8.348372000,-8.580335000,-8.695311000,-8.747743000,-8.819051000,-8.957359000,-9.174591000,-9.483605000,-9.896880000,-10.367743000,-10.873124000,-11.468840000,-12.180353000,-12.908763000,-13.559808000,-14.187764000,-14.941887000,-15.886028000,-16.912298000,-17.640905000,-17.616209000,-16.735832000,-15.365247000
-15.365247000,-13.996802000,-12.942023000,-12.197612000,-11.596717000,-10.885025000,-10.114645000,-9.606942000,-9.519923000,-9.763898000,-10.170150000,-10.586096000,-10.820241000,-10.725896000,-10.372904000,-9.886724000,-9.375516000,-8.899307000,-8.513273000,-8.301872000,-8.364225000,-8.694076000,-9.171962000,-9.684785000,-10.139125000,-10.539524000,-10.907963000,-11.165368000,-11.103465000,-10.704548000,-10.228790000,-9.744183000,-9.216469000,-8.680174000,-8.223683000,-7.870892000,-7.595944000,-7.386539000,-7.285375000,-7.317647000,-7.445719000,-7.588789000,-7.700473000,-7.780128000,-7.826562000,-7.814376000,-7.774994000,-7.803049000,-7.926260000,-8.074277000,-8.208408000,-8.328682000,-8.406524000,-8.376859000,-8.237093000,-8.051093000,-7.877704000,-7.752622000,-7.728983000,-7.904479000,-8.416070000,-9.314638000,-10.403008000,-11.316201000,-11.720261000,-11.413228000,-10.491037000,-9.299371000,-8.182121000,-7.319822000,-6.753773000,-6.457359000,-6.364164000,-6.406413000,-6.528331000,-6.729387000,-7.026041000,-7.311607000,-7.517364000,-7.673428000,-7.826380000,-7.938750000,-7.981266000,-8.004560000,-8.171126000,-8.489077000,-8.861830000,-9.336575000,-9.901312000,-10.490932000,-11.116932000,-11.704613000,-12.209434000,-12.797309000,-13.581911000,-14.654836000,-15.894378000,-16.826021000,-16.920509000,-16.146955000,-14.957605000
-14.161513000,-13.418063000,-13.057217000,-12.940663000,-12.793749000,-12.390264000,-11.790513000,-11.275463000,-11.082957000,-11.200781000,-11.552649000,-12.083875000,-12.650702000,-13.079892000,-13.198758000,-12.906820000,-12.357842000,-11.672622000,-10.918180000,-10.301538000,-10.026580000,-10.118196000,-10.492162000,-10.982228000,-11.401808000,-11.669813000,-11.826859000,-11.851101000,-11.670801000,-11.331742000,-11.043068000,-10.800901000,-10.451135000,-10.064246000,-9.707177000,-9.286647000,-8.798312000,-8.330793000,-8.035326000,-7.948895000,-8.038008000,-8.305681000,-8.492590000,-8.514869000,-8.514391000,-8.509603000,-8.553268000,-8.725352000,-8.918129000,-9.064183000,-9.231718000,-9.479943000,-9.669955000,-9.668631000,-9.468769000,-9.094136000,-8.593164000,-8.125017000,-7.867603000,-7.846366000,-8.026274000,-8.362770000,-8.866997000,-9.610594000,-10.329189000,-10.609756000,-10.316516000,-9.648734000,-8.917609000,-8.325377000,-7.917116000,-7.596797000,-7.330609000,-7.098509000,-6.871193000,-6.627589000,-6.482170000,-6.491350000,-6.570460000,-6.585227000,-6.575227000,-6.679834000,-6.935275000,-7.396544000,-8.025111000,-8.691509000,-9.300961000,-9.864740000,-10.475578000,-11.119230000,-11.752839000,-12.317203000,-12.851822000,-13.523150000,-14.431877000,-15.628899000,-16.977503000,-18.071108000,-18.462194000,-17.988001000,-16.883751000
-16.883751000,-15.609561000,-14.492558000,-13.629306000,-12.922219000,-12.163007000,-11.255153000,-10.283381000,-9.443792000,-8.983394000,-8.937297000,-9.271651000,-9.984309000,-10.768133000,-11.206635000,-11.135769000,-10.602774000,-9.781677000,-8.889485000,-8.235563000,-8.075456000,-8.253278000,-8.523295000,-8.755970000,-8.913337000,-9.065524000,-9.254866000,-9.454184000,-9.559282000,-9.576128000,-9.438719000,-9.125498000,-8.767504000,-8.469969000,-8.132036000,-7.652630000,-7.123954000,-6.617481000,-6.151585000,-5.804717000,-5.657437000,-5.663870000,-5.768826000,-5.910878000,-6.046268000,-6.195799000,-6.374468000,-6.559543000,-6.701043000,-6.810973000,-6.940319000,-7.163322000,-7.476878000,-7.789005000,-8.057597000,-8.273772000,-8.447165000,-8.600545000,-8.743758000,-8.871746000,-8.998100000,-9.233603000,-9.652638000,-10.096635000,-10.219923000,-9.780910000,-8.827245000,-7.727870000,-6.881435000,-6.446718000,-6.460077000,-6.745639000,-7.069018000,-7.419011000,-7.773777000,-8.088490000,-8.480425000,-8.991187000,-9.521005000,-9.949753000,-10.208282000,-10.331154000,-10.413631000,-10.533188000,-10.730532000,-11.011608000,-11.356852000,-11.723131000,-12.130350000,-12.596746000,-13.068409000,-13.498435000,-13.869130000,-14.237788000,-14.664322000,-15.182687000,-15.692715000,-15.963557000,-15.763513000,-15.040681000,-13.950281000
-13.950281000,-12.782223000,-11.827527000,-11.245238000,-10.999505000,-10.934980000,-11.053576000,-11.410857000,-11.954899000,-12.493940000,-12.904427000,-13.174206000,-13.204128000,-12.862089000,-12.167212000,-11.323111000,-10.526598000,-9.836143000,-9.308813000,-9.081288000,-9.222136000,-9.634548000,-10.143553000,-10.589347000,-10.950198000,-11.318355000,-11.710082000,-11.987895000,-12.057763000,-11.940466000,-11.628647000,-11.131401000,-10.540212000,-9.950758000,-9.336740000,-8.716837000,-8.205926000,-7.828730000,-7.553886000,-7.388770000,-7.299431000,-7.246583000,-7.279671000,-7.438402000,-7.691010000,-7.939890000,-8.127767000,-8.292818000,-8.441932000,-8.613120000,-8.831273000,-9.084139000,-9.346355000,-9.526562000,-9.529213000,-9.381447000,-9.182476000,-8.981179000,-8.806943000,-8.751829000,-8.890965000,-9.237313000,-9.695836000,-10.049333000,-10.013211000,-9.466962000,-8.643167000,-7.912926000,-7.494871000,-7.390214000,-7.471120000,-7.634227000,-7.763993000,-7.804406000,-7.793659000,-7.799321000,-7.856491000,-7.941117000,-8.012887000,-8.087857000,-8.192325000,-8.315723000,-8.483855000,-8.730455000,-9.044991000,-9.404805000,-9.802145000,-10.194022000,-10.570525000,-10.948394000,-11.374471000,-11.821191000,-12.257051000,-12.737732000,-13.391819000,-14.357582000,-15.563451000,-16.499561000,-16.565058000,-15.722034000,-14.509513000
-14.509513000,-13.518947000,-12.931973000,-12.687668000,-12.579947000,-12.365881000,-11.904608000,-11.221932000,-10.409945000,-9.594590000,-8.857111000,-8.247721000,-7.827102000,-7.515070000,-7.222836000,-7.009692000,-6.884794000,-6.799041000,-6.752500000,-6.786200000,-6.927166000,-7.159677000,-7.454212000,-7.789208000,-8.119838000,-8.362946000,-8.454535000,-8.378498000,-8.148131000,-7.771280000,-7.272906000,-6.619712000,-5.880100000,-5.174103000,-4.581847000,-4.123930000,-3.806388000,-3.655271000,-3.672687000,-3.831698000,-4.146485000,-4.577457000,-5.007202000,-5.320768000,-5.576282000,-5.845746000,-6.082857000,-6.252437000,-6.382411000,-6.543508000,-6.777555000,-7.068982000,-7.352808000,-7.544557000,-7.713614000,-7.875589000,-7.953847000,-7.968010000,-7.938965000,-7.882457000,-7.934170000,-8.279623000,-8.963221000,-9.747813000,-10.496924000,-11.201614000,-11.554158000,-11.208188000,-10.356610000,-9.388439000,-8.645689000,-8.547629000,-8.821934000,-8.900734000,-8.794336000,-8.826567000,-9.195531000,-9.800436000,-10.440857000,-11.033733000,-11.428594000,-11.637527000,-11.808488000,-12.008494000,-12.204444000,-12.402899000,-12.600047000,-12.760112000,-12.886887000,-13.096411000,-13.355146000,-13.582360000,-13.800973000,-14.066404000,-14.459927000,-15.063066000,-15.776402000,-16.205816000,-15.878675000,-14.757685000,-13.384929000
-15.292408000,-14.214929000,-13.394516000,-12.767481000,-12.318261000,-11.816114000,-11.171024000,-10.456937000,-9.893587000,-9.566839000,-9.477841000,-9.672264000,-10.232285000,-10.874141000,-11.089557000,-10.721197000,-9.968691000,-9.210038000,-8.661345000,-8.373223000,-8.339534000,-8.487038000,-8.752940000,-9.147836000,-9.607750000,-9.997426000,-10.284987000,-10.536849000,-10.771115000,-10.888743000,-10.894873000,-10.833667000,-10.724055000,-10.510336000,-10.089723000,-9.420256000,-8.593765000,-7.878948000,-7.383553000,-7.084989000,-6.985515000,-7.034994000,-7.134518000,-7.195243000,-7.241401000,-7.324104000,-7.448922000,-7.601290000,-7.700705000,-7.744967000,-7.921523000,-8.226457000,-8.519691000,-8.748310000,-8.911209000,-8.981956000,-8.963415000,-8.932431000,-8.935273000,-8.900862000,-8.880958000,-9.149959000,-9.831772000,-10.594089000,-10.951554000,-10.772651000,-10.182411000,-9.419428000,-8.790386000,-8.458648000,-8.349821000,-8.331160000,-8.264518000,-8.113494000,-7.973667000,-7.888357000,-7.792472000,-7.707434000,-7.720015000,-7.861112000,-8.118981000,-8.440456000,-8.831994000,-9.322300000,-9.891778000,-10.563466000,-11.342497000,-12.064826000,-12.766236000,-13.531171000,-14.334388000,-15.149014000,-15.965534000,-16.777859000,-17.653500000,-18.642990000,-19.618162000,-20.174486000,-19.828091000,-18.502687000,-16.643036000
-16.643036000,-14.787158000,-13.272502000,-12.121609000,-11.194102000,-10.356269000,-9.622128000,-9.070251000,-8.743278000,-8.669790000,-8.862099000,-9.326649000,-10.003551000,-10.605210000,-10.837018000,-10.613283000,-10.042356000,-9.279407000,-8.509749000,-7.939164000,-7.609947000,-7.470206000,-7.478309000,-7.594675000,-7.808710000,-8.155983000,-8.655396000,-9.243780000,-9.790135000,-10.183111000,-10.373101000,-10.346047000,-10.146083000,-9.806375000,-9.366130000,-8.892111000,-8.412215000,-7.966637000,-7.611993000,-7.387998000,-7.349032000,-7.429663000,-7.541873000,-7.651551000,-7.754570000,-7.866078000,-7.965854000,-8.039024000,-8.099525000,-8.182247000,-8.303247000,-8.470012000,-8.702660000,-8.978662000,-9.246425000,-9.470515000,-9.605096000,-9.636541000,-9.555518000,-9.357164000,-9.046921000,-8.720337000,-8.628018000,-8.883077000,-9.247711000,-9.367486000,-9.045539000,-8.306564000,-7.363530000,-6.553077000,-6.145203000,-6.248029000,-6.651763000,-7.071889000,-7.372649000,-7.540066000,-7.709193000,-8.017832000,-8.528778000,-9.189170000,-9.808108000,-10.180205000,-10.335336000,-10.464857000,-10.701797000,-11.065944000,-11.512904000,-11.989830000,-12.463927000,-12.968481000,-13.537428000,-14.088557000,-14.550596000,-14.972391000,-15.495657000,-16.262835000,-17.278072000,-18.224318000,-18.531315000,-17.889120000,-16.579433000
-16.579433000,-15.187951000,-14.180538000,-13.640467000,-13.360126000,-12.931643000,-12.144507000,-11.213769000,-10.437911000,-9.973208000,-9.879722000,-10.194411000,-10.752182000,-11.157290000,-11.178534000,-10.837678000,-10.262669000,-9.590440000,-8.945230000,-8.500436000,-8.419394000,-8.754347000,-9.342393000,-9.991150000,-10.603253000,-11.167403000,-11.656612000,-12.023993000,-12.226302000,-12.159615000,-11.929628000,-11.660617000,-11.366530000,-10.953057000,-10.417536000,-9.930883000,-9.534685000,-9.207801000,-8.952339000,-8.793199000,-8.783826000,-8.860104000,-8.954355000,-9.021745000,-9.027636000,-8.970749000,-8.878409000,-8.773518000,-8.671982000,-8.557185000,-8.455662000,-8.425731000,-8.506475000,-8.649515000,-8.783464000,-8.841394000,-8.842061000,-8.909937000,-9.130651000,-9.486563000,-9.969573000,-10.611486000,-11.295817000,-11.806790000,-11.909708000,-11.454925000,-10.597989000,-9.620289000,-8.696335000,-7.991714000,-7.683939000,-7.651507000,-7.709631000,-7.810576000,-7.984736000,-8.193095000,-8.344643000,-8.455289000,-8.512185000,-8.524642000,-8.563018000,-8.597718000,-8.523750000,-8.410813000,-8.419866000,-8.552365000,-8.768877000,-9.041344000,-9.374644000,-9.737220000,-10.131432000,-10.553273000,-11.000335000,-11.546759000,-12.357030000,-13.488746000,-14.806557000,-15.839342000,-16.061680000,-15.502987000,-14.674078000
-14.674078000,-14.023190000,-13.575861000,-13.159827000,-12.597546000,-11.844813000,-10.982362000,-10.212488000,-9.752294000,-9.609387000,-9.661334000,-9.851173000,-10.070065000,-10.136965000,-9.984869000,-9.615129000,-9.078970000,-8.476768000,-7.952424000,-7.635227000,-7.628058000,-7.886459000,-8.335583000,-8.873567000,-9.310888000,-9.566997000,-9.732283000,-9.990284000,-10.352157000,-10.579627000,-10.543546000,-10.280540000,-9.816033000,-9.275142000,-8.775512000,-8.352673000,-8.005476000,-7.767704000,-7.639989000,-7.574788000,-7.584544000,-7.686230000,-7.798515000,-7.860059000,-7.941606000,-8.101785000,-8.327590000,-8.559835000,-8.746595000,-8.833253000,-8.829509000,-8.851672000,-8.943053000,-9.036731000,-9.073277000,-9.057067000,-9.026912000,-8.942886000,-8.823483000,-8.733751000,-8.684174000,-8.749094000,-9.043339000,-9.535666000,-9.995037000,-10.073413000,-9.568973000,-8.626611000,-7.583562000,-6.903156000,-6.914048000,-7.376657000,-7.887897000,-8.364477000,-8.909038000,-9.580734000,-10.235138000,-10.791037000,-11.293575000,-11.663954000,-11.832156000,-11.883651000,-11.897336000,-11.842187000,-11.667305000,-11.519588000,-11.617604000,-11.951424000,-12.355870000,-12.641306000,-12.791125000,-13.089960000,-13.520812000,-14.000945000,-14.595659000,-15.341414000,-16.109673000,-16.495495000,-16.036970000,-14.773025000,-13.285601000
