-14.846580000,-15.063017000,-15.662713000,-16.196848000,-16.405914000,-16.255507000,-15.876013000,-15.603328000,-15.628989000,-15.668742000,-15.552869000,-15.373153000,-15.257318000,-15.280835000,-15.379707000,-15.402688000,-15.214953000,-14.874102000,-14.716592000,-14.787346000,-14.976535000,-15.200454000,-15.477912000,-15.826181000,-16.061386000,-16.116333000,-16.052162000,-16.072624000,-16.140795000,-16.194273000,-16.182798000,-16.191282000,-16.337942000,-16.493586000,-16.609001000,-16.630655000,-16.491259000,-16.245537000,-16.019079000,-15.897575000,-15.818164000,-15.611290000,-15.312568000,-15.002059000,-14.682184000,-14.331371000,-13.918407000,-13.415311000,-12.847049000,-12.301371000,-11.908729000,-11.679234000,-11.609813000,-11.594885000,-11.479506000,-11.252201000,-10.986090000,-10.838583000,-10.872318000,-10.946548000,-10.641065000,-9.831882000,-8.833609000,-7.887697000,-7.039824000,-6.393420000,-5.943974000,-5.519626000,-4.869696000,-3.957891000,-2.951785000,-1.918889000,-0.977576000,-0.195989000,0.462221000,0.916476000,1.179550000,1.220789000,0.970281000,0.478395000,-0.216119000,-1.084046000,-2.083964000,-3.207166000,-4.395205000,-5.614310000,-6.878917000,-8.262379000,-9.769019000,-11.295288000,-12.713912000,-13.929498000,-14.866667000,-15.515763000,-15.925073000,-16.103548000,-15.946900000,-15.311422000,-14.237587000,-13.041405000,-12.072187000
-12.072187000,-11.544666000,-11.563942000,-12.041430000,-12.661076000,-13.093274000,-13.237603000,-13.115865000,-12.909754000,-12.795549000,-12.807364000,-12.945963000,-13.127887000,-13.255143000,-13.278733000,-13.160348000,-12.933656000,-12.763625000,-12.742673000,-12.860689000,-13.050522000,-13.299333000,-13.596083000,-13.866300000,-14.087969000,-14.245412000,-14.357226000,-14.447871000,-14.498904000,-14.467515000,-14.397964000,-14.301579000,-14.129539000,-13.917149000,-13.737703000,-13.712678000,-13.787425000,-13.832995000,-13.859380000,-13.914723000,-13.935561000,-13.810996000,-13.559185000,-13.293449000,-13.045668000,-12.754961000,-12.415843000,-12.039705000,-11.616012000,-11.117887000,-10.588327000,-10.160434000,-9.924845000,-9.792978000,-9.627012000,-9.406715000,-9.178887000,-8.996503000,-8.837223000,-8.587786000,-8.119743000,-7.298286000,-6.139301000,-4.889671000,-3.981401000,-3.572419000,-3.429532000,-3.221637000,-2.781034000,-2.160962000,-1.537864000,-0.978531000,-0.439740000,0.060044000,0.426295000,0.576392000,0.494370000,0.315917000,0.074874000,-0.391292000,-1.088639000,-1.862589000,-2.547474000,-3.155318000,-3.834519000,-4.624671000,-5.436737000,-6.315331000,-7.364315000,-8.610167000,-9.957209000,-11.306146000,-12.618462000,-13.836117000,-14.825595000,-15.477405000,-15.816915000,-15.940680000,-15.837752000,-15.544497000,-15.320241000
-15.320241000,-15.490635000,-16.012980000,-16.515886000,-16.768946000,-16.763868000,-16.519865000,-16.173225000,-15.943442000,-15.938996000,-16.155588000,-16.375469000,-16.431799000,-16.433489000,-16.450134000,-16.414366000,-16.406813000,-16.460627000,-16.438848000,-16.352747000,-16.334763000,-16.419943000,-16.555162000,-16.696081000,-16.835646000,-16.964933000,-17.101374000,-17.186895000,-17.131397000,-16.944183000,-16.716183000,-16.481667000,-16.316484000,-16.238773000,-16.148781000,-15.983807000,-15.775599000,-15.616151000,-15.584493000,-15.602555000,-15.544462000,-15.377522000,-15.119737000,-14.800104000,-14.441646000,-14.044228000,-13.637239000,-13.157274000,-12.554772000,-11.960528000,-11.532473000,-11.306754000,-11.227639000,-11.261235000,-11.243116000,-11.108042000,-10.900467000,-10.685867000,-10.536637000,-10.349339000,-9.909173000,-9.201722000,-8.284808000,-7.168320000,-5.959169000,-5.021807000,-4.473511000,-4.085662000,-3.625615000,-3.035783000,-2.387737000,-1.756605000,-1.156416000,-0.616983000,-0.213026000,0.082153000,0.185366000,0.053443000,-0.257081000,-0.767749000,-1.464162000,-2.229642000,-2.967398000,-3.735016000,-4.574035000,-5.478585000,-6.366031000,-7.271876000,-8.300421000,-9.364595000,-10.341067000,-11.224009000,-12.013925000,-12.659712000,-13.078587000,-13.293655000,-13.393050000,-13.326837000,-13.106109000,-12.881680000,-12.809355000
-14.712960000,-13.785124000,-12.927520000,-12.553945000,-12.825579000,-13.584308000,-14.434267000,-15.005277000,-15.149213000,-14.964390000,-14.803876000,-15.029614000,-15.699350000,-16.496981000,-16.877117000,-16.703846000,-16.314768000,-16.031712000,-15.852042000,-15.603690000,-15.352749000,-15.152704000,-14.935412000,-14.763989000,-14.644859000,-14.566489000,-14.569932000,-14.652768000,-14.723631000,-14.774348000,-14.802776000,-14.737775000,-14.513375000,-14.319671000,-14.269619000,-14.260503000,-14.091361000,-13.925400000,-14.138269000,-14.285024000,-14.140520000,-13.831729000,-13.493043000,-13.150075000,-12.818928000,-12.595984000,-12.519855000,-12.521882000,-12.410179000,-12.134295000,-11.745863000,-11.285268000,-10.849813000,-10.603684000,-10.552371000,-10.551840000,-10.474207000,-10.327586000,-10.146581000,-9.964560000,-9.846863000,-9.741980000,-9.571498000,-9.230010000,-8.693072000,-7.959455000,-7.137810000,-6.447503000,-6.036486000,-5.782818000,-5.427577000,-4.779807000,-3.852850000,-2.869931000,-1.972191000,-1.179100000,-0.459517000,0.074942000,0.384700000,0.589990000,0.660036000,0.395230000,-0.174986000,-0.857160000,-1.524700000,-2.225632000,-3.070652000,-4.052776000,-5.125010000,-6.308232000,-7.626286000,-9.003126000,-10.250082000,-11.273311000,-12.108763000,-12.722892000,-13.022140000,-13.024671000,-12.747605000,-12.200356000,-11.591299000
-11.591299000,-11.335358000,-11.763455000,-12.593997000,-13.164601000,-13.290292000,-13.141266000,-12.901445000,-12.739352000,-12.741343000,-12.845857000,-12.956158000,-12.990258000,-12.955488000,-12.847160000,-12.732162000,-12.728404000,-12.776363000,-12.681138000,-12.479163000,-12.427595000,-12.608660000,-12.965261000,-13.432452000,-13.889943000,-14.289564000,-14.636187000,-14.890026000,-15.049151000,-15.122079000,-15.145299000,-15.102566000,-14.953296000,-14.805950000,-14.759923000,-14.814782000,-14.951834000,-15.089404000,-15.189120000,-15.236085000,-15.241620000,-15.203771000,-15.102026000,-14.899435000,-14.588185000,-14.214827000,-13.821480000,-13.368387000,-12.867105000,-12.356455000,-11.850943000,-11.358265000,-10.950358000,-10.708325000,-10.610622000,-10.613353000,-10.680332000,-10.793486000,-10.920563000,-10.953171000,-10.867666000,-10.669403000,-10.215717000,-9.327766000,-8.121881000,-7.018427000,-6.275202000,-5.737864000,-5.199682000,-4.562129000,-3.760338000,-2.886230000,-2.128786000,-1.545817000,-1.090890000,-0.704834000,-0.379941000,-0.199926000,-0.242996000,-0.484702000,-0.823050000,-1.204433000,-1.690716000,-2.277817000,-2.936978000,-3.639277000,-4.428408000,-5.341710000,-6.311677000,-7.358724000,-8.532368000,-9.773884000,-11.044257000,-12.283459000,-13.419271000,-14.352534000,-15.028482000,-15.421884000,-15.499409000,-15.257566000,-14.709523000
-14.709523000,-14.033856000,-13.706791000,-14.089654000,-14.841058000,-15.306164000,-15.252823000,-14.897325000,-14.479203000,-14.174582000,-14.076078000,-14.128922000,-14.228664000,-14.324582000,-14.370229000,-14.250752000,-13.870141000,-13.413145000,-13.234924000,-13.322519000,-13.375237000,-13.312384000,-13.343408000,-13.519294000,-13.721035000,-13.896652000,-14.091628000,-14.302340000,-14.446400000,-14.529687000,-14.609870000,-14.696726000,-14.808218000,-14.900808000,-15.005280000,-15.101050000,-15.097873000,-15.044378000,-14.999076000,-14.882648000,-14.706664000,-14.567908000,-14.465526000,-14.317268000,-14.096581000,-13.878729000,-13.667726000,-13.413354000,-13.090755000,-12.697813000,-12.298230000,-11.941923000,-11.652790000,-11.412352000,-11.186090000,-11.065553000,-10.991712000,-10.817972000,-10.566523000,-10.307084000,-10.108662000,-10.009726000,-9.821183000,-9.382928000,-8.596932000,-7.485224000,-6.341828000,-5.494344000,-4.889541000,-4.205027000,-3.260253000,-2.176101000,-1.138879000,-0.228238000,0.569427000,1.301399000,2.001709000,2.615278000,3.041644000,3.229483000,3.114696000,2.636621000,1.804146000,0.759757000,-0.355705000,-1.386855000,-2.452337000,-3.735851000,-5.253233000,-6.953490000,-8.669674000,-10.309527000,-11.895235000,-13.267834000,-14.255984000,-14.662229000,-14.625564000,-14.471668000,-14.008990000,-12.954076000,-11.876511000
-12.990205000,-12.560758000,-12.554315000,-12.631425000,-12.619601000,-12.513083000,-12.203409000,-11.859739000,-11.849543000,-12.172369000,-12.518256000,-12.701185000,-12.694005000,-12.604226000,-12.482458000,-12.387484000,-12.415100000,-12.665242000,-12.916602000,-12.933130000,-12.852881000,-12.873946000,-13.068581000,-13.415224000,-13.835850000,-14.217169000,-14.558159000,-14.882499000,-15.135435000,-15.328937000,-15.462528000,-15.447285000,-15.338412000,-15.320148000,-15.413146000,-15.475137000,-15.419528000,-15.281309000,-15.235728000,-15.285205000,-15.158042000,-14.836145000,-14.421506000,-14.005817000,-13.627239000,-13.261425000,-12.947732000,-12.614338000,-12.167069000,-11.662405000,-11.198396000,-10.874573000,-10.740251000,-10.730181000,-10.718801000,-10.697923000,-10.763785000,-10.968047000,-11.161439000,-11.084440000,-10.615788000,-9.830432000,-8.947085000,-8.012726000,-7.107382000,-6.404233000,-5.853595000,-5.331055000,-4.710681000,-3.975355000,-3.215240000,-2.499147000,-1.839090000,-1.226956000,-0.766109000,-0.511247000,-0.387989000,-0.348828000,-0.463833000,-0.813141000,-1.372501000,-2.081093000,-2.916536000,-3.885974000,-4.935436000,-5.993789000,-7.114533000,-8.372013000,-9.770977000,-11.238091000,-12.664087000,-13.921451000,-14.916484000,-15.653361000,-16.205381000,-16.581137000,-16.678249000,-16.444122000,-15.915646000,-15.245132000,-14.757165000
-14.757165000,-14.860862000,-15.666377000,-16.642673000,-17.247561000,-17.412617000,-17.246050000,-16.857454000,-16.420271000,-16.043253000,-15.691506000,-15.396838000,-15.200886000,-14.959287000,-14.643867000,-14.341238000,-14.027254000,-13.717625000,-13.493602000,-13.437737000,-13.468831000,-13.516949000,-13.593674000,-13.782393000,-14.128128000,-14.503063000,-14.779951000,-14.895839000,-14.896906000,-14.844628000,-14.788041000,-14.762057000,-14.732656000,-14.684089000,-14.661353000,-14.701082000,-14.751634000,-14.806119000,-14.786457000,-14.677974000,-14.513721000,-14.292991000,-14.037066000,-13.776599000,-13.499743000,-13.179501000,-12.827061000,-12.474269000,-12.125994000,-11.765898000,-11.373747000,-11.003597000,-10.754453000,-10.645167000,-10.625163000,-10.600060000,-10.501104000,-10.408813000,-10.381884000,-10.256084000,-9.863693000,-9.195939000,-8.254049000,-7.116245000,-6.049846000,-5.351561000,-4.919923000,-4.390411000,-3.678903000,-2.931351000,-2.202269000,-1.495060000,-0.870680000,-0.358834000,0.045248000,0.261546000,0.273751000,0.213054000,0.108996000,-0.180194000,-0.772672000,-1.618812000,-2.569668000,-3.592541000,-4.683016000,-5.791478000,-6.913787000,-8.122985000,-9.492298000,-11.044158000,-12.669643000,-14.244449000,-15.706470000,-16.954247000,-17.872898000,-18.345623000,-18.416029000,-18.241734000,-17.899561000,-17.373154000,-16.761887000
-16.761887000,-16.357046000,-16.529644000,-17.218311000,-17.938181000,-18.372057000,-18.444715000,-18.188759000,-17.832266000,-17.641243000,-17.650766000,-17.704939000,-17.619869000,-17.386728000,-17.109425000,-16.776148000,-16.375828000,-16.027203000,-15.751350000,-15.495623000,-15.269994000,-15.119165000,-15.081333000,-15.109845000,-15.162996000,-15.251197000,-15.296465000,-15.254611000,-15.159217000,-14.984408000,-14.746024000,-14.545188000,-14.356037000,-14.140793000,-13.950212000,-13.790406000,-13.614021000,-13.450088000,-13.239799000,-12.971837000,-12.745533000,-12.602872000,-12.528348000,-12.459971000,-12.336227000,-12.174745000,-12.007909000,-11.870295000,-11.797177000,-11.706985000,-11.492656000,-11.234488000,-11.063322000,-10.993417000,-11.010012000,-11.070816000,-11.102275000,-11.023829000,-10.876818000,-10.809894000,-10.746356000,-10.514543000,-10.046627000,-9.302768000,-8.128428000,-6.785810000,-5.746094000,-5.094437000,-4.504423000,-3.675592000,-2.632037000,-1.628383000,-0.824923000,-0.234834000,0.214622000,0.598208000,0.929002000,1.125758000,1.081285000,0.817900000,0.329594000,-0.303335000,-0.991329000,-1.792602000,-2.774180000,-3.915483000,-4.985790000,-5.914472000,-6.929874000,-8.101588000,-9.364102000,-10.704388000,-11.955757000,-12.980496000,-13.768342000,-14.257705000,-14.505636000,-14.526552000,-14.157613000,-13.309287000,-12.187283000
-13.191858000,-12.798548000,-12.938987000,-13.759401000,-14.598679000,-15.012964000,-15.013479000,-14.817186000,-14.698862000,-14.639421000,-14.725064000,-15.014447000,-15.415812000,-15.796299000,-16.041590000,-16.283770000,-16.688858000,-16.896711000,-16.724566000,-16.517509000,-16.323154000,-16.206285000,-16.203266000,-16.231682000,-16.223970000,-16.214056000,-16.261513000,-16.294004000,-16.282370000,-16.269026000,-16.228514000,-16.098394000,-15.931461000,-15.778011000,-15.658063000,-15.615664000,-15.592705000,-15.523871000,-15.367028000,-15.242846000,-15.177871000,-14.933423000,-14.440356000,-13.916034000,-13.502661000,-13.233804000,-13.017863000,-12.915419000,-12.903737000,-12.754010000,-12.427785000,-12.033134000,-11.663268000,-11.425254000,-11.293503000,-11.201880000,-11.135770000,-11.115713000,-11.131909000,-11.127796000,-11.063958000,-10.883803000,-10.493157000,-9.765565000,-8.780736000,-7.697610000,-6.715012000,-6.005668000,-5.576750000,-5.174360000,-4.609865000,-3.924687000,-3.227381000,-2.499522000,-1.762686000,-1.102675000,-0.609896000,-0.310836000,-0.201224000,-0.247846000,-0.474290000,-0.952942000,-1.648922000,-2.450772000,-3.208842000,-3.937771000,-4.847290000,-6.006039000,-7.264627000,-8.523683000,-9.862037000,-11.291062000,-12.665418000,-13.793319000,-14.555732000,-15.031406000,-15.286526000,-15.338604000,-15.152815000,-14.725155000,-14.141864000
-14.141864000,-13.627245000,-13.566613000,-14.053937000,-14.636185000,-14.870372000,-14.774983000,-14.614835000,-14.539367000,-14.661157000,-15.013122000,-15.341824000,-15.418049000,-15.325086000,-15.187610000,-15.052659000,-14.878927000,-14.633917000,-14.407370000,-14.220263000,-14.111857000,-14.160055000,-14.274073000,-14.431242000,-14.613327000,-14.829769000,-15.078002000,-15.287411000,-15.386414000,-15.347000000,-15.266706000,-15.281569000,-15.337296000,-15.249743000,-15.096045000,-15.024632000,-15.044732000,-15.102265000,-15.143492000,-15.167200000,-15.189129000,-15.161475000,-15.010124000,-14.760045000,-14.494496000,-14.275902000,-14.074251000,-13.795902000,-13.367718000,-12.834171000,-12.279591000,-11.758588000,-11.338565000,-11.018881000,-10.812287000,-10.729434000,-10.737869000,-10.806086000,-10.899825000,-11.004402000,-11.128817000,-11.130534000,-10.780545000,-10.012157000,-8.902335000,-7.661841000,-6.607596000,-5.898990000,-5.381926000,-4.795666000,-4.032188000,-3.183769000,-2.367136000,-1.651242000,-1.060047000,-0.544348000,-0.066869000,0.297489000,0.463150000,0.414051000,0.197831000,-0.218538000,-0.855906000,-1.662855000,-2.575921000,-3.557300000,-4.555367000,-5.501748000,-6.447228000,-7.476357000,-8.591009000,-9.809606000,-11.103989000,-12.318195000,-13.336778000,-14.139346000,-14.643986000,-14.786294000,-14.610046000,-14.210307000,-13.640147000
-13.640147000,-13.090239000,-12.889005000,-13.127542000,-13.501585000,-13.740943000,-13.812704000,-13.782247000,-13.814035000,-14.051341000,-14.441638000,-14.782331000,-14.956603000,-15.045622000,-15.081651000,-15.036267000,-14.856541000,-14.462576000,-14.028947000,-13.830651000,-13.777497000,-13.779621000,-13.863873000,-13.968485000,-14.082253000,-14.273506000,-14.516680000,-14.714334000,-14.878064000,-14.984144000,-14.977109000,-14.925912000,-14.896004000,-14.856423000,-14.803819000,-14.779869000,-14.749725000,-14.692532000,-14.634955000,-14.504754000,-14.278061000,-14.122584000,-14.026521000,-13.881748000,-13.727300000,-13.649586000,-13.629294000,-13.574656000,-13.382595000,-13.044943000,-12.623307000,-12.218248000,-11.928097000,-11.743825000,-11.627310000,-11.542456000,-11.379293000,-11.153739000,-10.990512000,-10.903391000,-10.824969000,-10.677792000,-10.418792000,-9.947959000,-9.130563000,-8.004954000,-6.765913000,-5.757116000,-5.135804000,-4.643542000,-4.044530000,-3.324485000,-2.498405000,-1.571136000,-0.612738000,0.285230000,1.003956000,1.553297000,1.946486000,2.139222000,1.988704000,1.444915000,0.649061000,-0.262761000,-1.303520000,-2.455739000,-3.652395000,-4.934817000,-6.323920000,-7.773499000,-9.250046000,-10.727017000,-12.176546000,-13.452246000,-14.424632000,-15.019115000,-15.199568000,-14.995510000,-14.436371000,-13.472143000,-12.148012000
-11.699313000,-11.271992000,-10.609932000,-10.047134000,-9.748911000,-9.528853000,-9.130516000,-8.608905000,-8.135100000,-7.949334000,-8.298332000,-9.342244000,-10.511246000,-11.190896000,-11.497472000,-11.517724000,-11.321861000,-11.036966000,-10.766640000,-10.648324000,-10.658794000,-10.780535000,-11.036703000,-11.348059000,-11.663330000,-11.991448000,-12.339629000,-12.600831000,-12.752831000,-12.798473000,-12.712037000,-12.451011000,-12.112610000,-11.885518000,-11.764675000,-11.608683000,-11.320125000,-11.061750000,-11.178158000,-11.572054000,-11.894258000,-11.914495000,-11.770605000,-11.629276000,-11.505994000,-11.362774000,-11.239937000,-11.174046000,-11.063289000,-10.847239000,-10.574293000,-10.331061000,-10.155020000,-10.012970000,-9.908470000,-9.856283000,-9.809440000,-9.711476000,-9.571321000,-9.429056000,-9.250679000,-8.984579000,-8.579118000,-7.876709000,-6.922541000,-5.969479000,-5.269364000,-4.891054000,-4.590658000,-4.115202000,-3.420093000,-2.624056000,-1.829824000,-1.078416000,-0.479162000,-0.082600000,0.145548000,0.198003000,0.122825000,-0.048134000,-0.416307000,-1.091307000,-2.019377000,-3.016309000,-3.996880000,-4.996344000,-6.067907000,-7.188150000,-8.319182000,-9.522188000,-10.886989000,-12.360807000,-13.804820000,-15.095079000,-16.093365000,-16.671970000,-16.819246000,-16.609158000,-16.048306000,-15.196422000,-14.220130000
-14.220130000,-13.462036000,-13.381577000,-14.048391000,-14.864685000,-15.319156000,-15.478210000,-15.587188000,-15.779920000,-16.032001000,-16.236277000,-16.255119000,-16.027355000,-15.669789000,-15.340998000,-15.101444000,-14.941059000,-14.726730000,-14.360937000,-13.970237000,-13.696746000,-13.536783000,-13.523318000,-13.668508000,-13.862560000,-14.065349000,-14.297775000,-14.549668000,-14.746101000,-14.855579000,-14.903883000,-14.912346000,-14.789607000,-14.606723000,-14.527904000,-14.516123000,-14.579621000,-14.757576000,-14.970610000,-15.188747000,-15.412215000,-15.537500000,-15.504930000,-15.322249000,-15.020741000,-14.655604000,-14.258592000,-13.823359000,-13.424086000,-13.111217000,-12.841825000,-12.519574000,-12.190503000,-11.954862000,-11.861074000,-11.885456000,-11.926225000,-11.946317000,-12.014595000,-12.160236000,-12.276096000,-12.289597000,-12.185355000,-11.868558000,-11.131568000,-9.974313000,-8.732689000,-7.754474000,-7.026345000,-6.317050000,-5.445516000,-4.377111000,-3.193012000,-2.065537000,-1.155045000,-0.470116000,0.109691000,0.610167000,0.924436000,0.984106000,0.825215000,0.572137000,0.211783000,-0.336823000,-1.104812000,-2.030279000,-3.023869000,-4.129987000,-5.398829000,-6.833692000,-8.396755000,-10.018873000,-11.576359000,-12.919079000,-13.943673000,-14.612368000,-14.894089000,-14.785885000,-14.293736000,-13.524283000,-12.740409000
-12.740409000,-12.248048000,-12.259666000,-12.537889000,-12.668077000,-12.528433000,-12.260522000,-12.013892000,-11.932487000,-12.115598000,-12.473717000,-12.839038000,-13.058713000,-13.102130000,-13.038311000,-12.849195000,-12.552571000,-12.436958000,-12.653831000,-12.920392000,-13.072839000,-13.223653000,-13.501527000,-13.882584000,-14.282575000,-14.695724000,-15.105314000,-15.412099000,-15.597652000,-15.705921000,-15.729647000,-15.778634000,-15.791245000,-15.763103000,-15.742556000,-15.664446000,-15.506371000,-15.460372000,-15.642993000,-15.923219000,-16.056845000,-15.958197000,-15.744323000,-15.459236000,-15.060698000,-14.612803000,-14.194643000,-13.830078000,-13.486158000,-13.090244000,-12.633699000,-12.189401000,-11.798119000,-11.511562000,-11.369069000,-11.258048000,-11.090476000,-10.906485000,-10.771558000,-10.700676000,-10.634855000,-10.517402000,-10.247813000,-9.638969000,-8.540115000,-7.188263000,-6.066807000,-5.346489000,-4.732783000,-3.968927000,-3.065305000,-2.148308000,-1.258569000,-0.419110000,0.336612000,0.992049000,1.544390000,1.959543000,2.198928000,2.162550000,1.719551000,0.881567000,-0.158850000,-1.238793000,-2.314041000,-3.401967000,-4.633584000,-6.131921000,-7.849283000,-9.680164000,-11.497046000,-13.193473000,-14.852973000,-16.511093000,-17.919983000,-18.849159000,-19.250570000,-19.373009000,-19.456207000,-19.242819000,-18.318333000
-21.348425000,-20.785011000,-20.379919000,-20.061050000,-19.741659000,-19.409351000,-19.079041000,-18.923489000,-19.117229000,-19.515589000,-19.901150000,-20.147686000,-20.294519000,-20.432571000,-20.228178000,-19.727291000,-19.377974000,-19.193996000,-19.114420000,-19.101297000,-19.050547000,-19.002478000,-19.051735000,-19.182970000,-19.408844000,-19.610346000,-19.730850000,-19.773478000,-19.686058000,-19.528843000,-19.370647000,-19.177418000,-18.976164000,-18.840469000,-18.787573000,-18.788519000,-18.760405000,-18.654213000,-18.522346000,-18.424509000,-18.313616000,-18.127638000,-17.871614000,-17.555252000,-17.205164000,-16.820690000,-16.470442000,-16.104336000,-15.600953000,-15.015536000,-14.485760000,-14.068776000,-13.709483000,-13.380198000,-13.170261000,-13.086700000,-13.027209000,-12.966499000,-12.918962000,-12.801487000,-12.520390000,-12.076506000,-11.515746000,-10.913656000,-10.171127000,-9.315488000,-8.499294000,-7.708680000,-6.830664000,-5.825221000,-4.776897000,-3.771538000,-2.851827000,-2.054887000,-1.428593000,-1.007652000,-0.715506000,-0.498967000,-0.459755000,-0.701761000,-1.199911000,-1.864678000,-2.618371000,-3.456957000,-4.348355000,-5.288631000,-6.304376000,-7.432285000,-8.695512000,-10.094788000,-11.592606000,-13.063945000,-14.388165000,-15.482040000,-16.352562000,-17.049179000,-17.493893000,-17.608780000,-17.328224000,-16.593237000,-15.627041000
-15.627041000,-14.888779000,-14.744905000,-15.097311000,-15.407394000,-15.364711000,-15.140191000,-14.905330000,-14.729074000,-14.624900000,-14.607937000,-14.788442000,-15.139479000,-15.412474000,-15.424109000,-15.171782000,-14.803494000,-14.503329000,-14.322388000,-14.165557000,-14.012083000,-13.951296000,-13.978425000,-14.030309000,-14.164859000,-14.395850000,-14.630017000,-14.778850000,-14.811256000,-14.733810000,-14.621137000,-14.559904000,-14.570246000,-14.635676000,-14.726751000,-14.810071000,-14.934023000,-15.091799000,-15.154304000,-15.116977000,-15.007196000,-14.769476000,-14.405388000,-14.014486000,-13.666585000,-13.396627000,-13.134459000,-12.793519000,-12.401524000,-11.985641000,-11.601380000,-11.307064000,-11.119300000,-11.025917000,-11.001084000,-11.005065000,-11.033393000,-11.073221000,-11.023481000,-10.796824000,-10.336236000,-9.541835000,-8.407325000,-7.141528000,-6.120872000,-5.550904000,-5.116630000,-4.404241000,-3.435786000,-2.431923000,-1.527657000,-0.722900000,0.040626000,0.714433000,1.168044000,1.331607000,1.259571000,1.076079000,0.830651000,0.357937000,-0.424996000,-1.356149000,-2.331825000,-3.353668000,-4.372865000,-5.379085000,-6.484552000,-7.837073000,-9.445151000,-11.144221000,-12.822412000,-14.426067000,-15.858280000,-16.968370000,-17.686382000,-18.101948000,-18.301331000,-18.234612000,-17.834860000,-17.118147000,-16.272392000
-16.272392000,-15.677213000,-15.656225000,-16.094124000,-16.528379000,-16.608910000,-16.365557000,-16.005888000,-15.679381000,-15.541450000,-15.691708000,-16.040201000,-16.392336000,-16.509043000,-16.359354000,-16.077351000,-15.774278000,-15.505973000,-15.290664000,-15.139621000,-15.077037000,-15.109728000,-15.154935000,-15.192254000,-15.237860000,-15.265516000,-15.273952000,-15.286149000,-15.272664000,-15.188336000,-15.064236000,-14.933226000,-14.681730000,-14.303267000,-14.005958000,-13.916333000,-13.881768000,-13.800254000,-13.634463000,-13.419806000,-13.265048000,-13.129484000,-12.978577000,-12.775434000,-12.483395000,-12.118642000,-11.778851000,-11.477054000,-11.125906000,-10.707311000,-10.292160000,-9.954655000,-9.776122000,-9.793091000,-9.950445000,-10.152606000,-10.195905000,-10.080412000,-9.879559000,-9.444514000,-8.858261000,-8.308584000,-7.629705000,-6.623419000,-5.279262000,-3.969888000,-3.159998000,-2.564071000,-1.831438000,-0.917748000,0.069554000,0.981546000,1.709959000,2.245237000,2.673038000,3.042511000,3.265563000,3.237698000,2.886840000,2.281543000,1.567944000,0.779544000,-0.174437000,-1.316081000,-2.474071000,-3.574199000,-4.634525000,-5.671322000,-6.764312000,-8.023208000,-9.378141000,-10.698676000,-11.909502000,-12.934882000,-13.789676000,-14.498581000,-15.068293000,-15.429300000,-15.438963000,-15.169334000,-14.851888000
-17.126299000,-16.235332000,-15.721230000,-15.958358000,-16.786522000,-17.631281000,-18.151131000,-18.348810000,-18.371628000,-18.492058000,-18.762802000,-19.039724000,-19.380247000,-19.817368000,-19.934679000,-19.692318000,-19.266745000,-18.671165000,-18.146683000,-17.770929000,-17.452896000,-17.194363000,-17.097385000,-17.183514000,-17.286163000,-17.337543000,-17.433250000,-17.597075000,-17.758284000,-17.849237000,-17.825846000,-17.664591000,-17.397318000,-17.168348000,-17.038826000,-16.948114000,-16.854820000,-16.718761000,-16.461918000,-16.155581000,-15.889618000,-15.682419000,-15.429735000,-15.069299000,-14.686763000,-14.520940000,-14.537145000,-14.458901000,-14.215292000,-13.900991000,-13.570264000,-13.275061000,-13.031663000,-12.822139000,-12.649092000,-12.454724000,-12.118196000,-11.738700000,-11.455615000,-11.318124000,-11.188481000,-10.841865000,-10.290269000,-9.564400000,-8.595835000,-7.471220000,-6.486003000,-5.817513000,-5.149835000,-4.185146000,-3.078214000,-2.011632000,-0.996120000,-0.111249000,0.563477000,1.109532000,1.527499000,1.761193000,1.823481000,1.666960000,1.246171000,0.585555000,-0.237209000,-1.131784000,-2.035882000,-2.991604000,-4.054189000,-5.230181000,-6.520106000,-7.920807000,-9.429739000,-10.950599000,-12.374100000,-13.632242000,-14.589579000,-15.158393000,-15.414066000,-15.450023000,-15.289922000,-14.944395000,-14.449851000
-14.449851000,-13.946922000,-13.764584000,-13.979685000,-14.139576000,-13.976266000,-13.636945000,-13.375596000,-13.378908000,-13.694189000,-14.178295000,-14.643578000,-14.931922000,-14.978131000,-14.861361000,-14.665789000,-14.487897000,-14.345520000,-14.226470000,-14.143450000,-14.066279000,-14.034089000,-14.123386000,-14.271132000,-14.474631000,-14.724998000,-14.981497000,-15.215570000,-15.390427000,-15.494543000,-15.531027000,-15.524338000,-15.481923000,-15.334968000,-15.170555000,-15.085247000,-15.064271000,-15.086345000,-15.191529000,-15.399334000,-15.578492000,-15.571383000,-15.351845000,-14.980246000,-14.486475000,-13.951349000,-13.480318000,-13.042472000,-12.655878000,-12.313993000,-11.962883000,-11.657891000,-11.439878000,-11.307041000,-11.244250000,-11.203102000,-11.147138000,-11.052607000,-10.868235000,-10.656327000,-10.492629000,-10.321548000,-9.979906000,-9.220634000,-8.023583000,-6.736645000,-5.718303000,-4.920425000,-4.007467000,-2.865963000,-1.663189000,-0.603813000,0.211059000,0.802463000,1.249738000,1.638430000,1.997367000,2.244859000,2.249663000,1.992681000,1.556947000,0.983086000,0.319925000,-0.399798000,-1.213892000,-2.167093000,-3.214202000,-4.264597000,-5.366341000,-6.647020000,-8.108112000,-9.679150000,-11.329750000,-12.956593000,-14.385245000,-15.528359000,-16.411400000,-17.023832000,-17.261887000,-16.989834000,-16.177664000
-16.177664000,-15.081546000,-14.180538000,-13.892859000,-14.235456000,-14.849208000,-15.380625000,-15.679908000,-15.812575000,-15.927784000,-16.123463000,-16.403734000,-16.672726000,-16.832041000,-16.813538000,-16.609896000,-16.259024000,-15.894466000,-15.555358000,-15.191805000,-14.814448000,-14.522791000,-14.321289000,-14.188570000,-14.148864000,-14.216180000,-14.330455000,-14.447733000,-14.514400000,-14.492167000,-14.425323000,-14.318964000,-14.202345000,-14.115460000,-14.043084000,-13.945110000,-13.800683000,-13.753449000,-13.950695000,-14.324653000,-14.698193000,-14.948998000,-15.065744000,-15.066287000,-14.969938000,-14.824037000,-14.629578000,-14.404873000,-14.178055000,-13.905430000,-13.532725000,-13.101108000,-12.724730000,-12.448834000,-12.217482000,-11.987841000,-11.773528000,-11.632011000,-11.565115000,-11.537206000,-11.499118000,-11.415776000,-11.197285000,-10.680838000,-9.771373000,-8.600822000,-7.476001000,-6.559785000,-5.801681000,-4.919157000,-3.792421000,-2.517190000,-1.219548000,-0.027766000,0.938108000,1.592870000,2.096338000,2.581377000,2.923620000,2.972188000,2.648576000,2.042670000,1.181306000,0.101662000,-0.988120000,-1.997634000,-3.052455000,-4.225536000,-5.461559000,-6.819945000,-8.376460000,-10.084845000,-11.762894000,-13.185967000,-14.389244000,-15.301618000,-15.776248000,-15.971240000,-15.968513000,-15.543394000,-14.689828000
-16.709442000,-16.179951000,-15.984679000,-16.237349000,-16.624300000,-16.856691000,-16.880041000,-16.782513000,-16.768503000,-16.915407000,-17.075230000,-17.175421000,-17.118551000,-16.847628000,-16.427605000,-16.092253000,-16.004139000,-16.089754000,-16.099348000,-15.877105000,-15.592173000,-15.488665000,-15.606462000,-15.846492000,-16.109680000,-16.274220000,-16.448034000,-16.712551000,-16.950886000,-17.095007000,-17.132959000,-17.063713000,-16.923895000,-16.863426000,-16.912468000,-16.973936000,-16.983461000,-16.874838000,-16.792940000,-16.745865000,-16.697517000,-16.667065000,-16.516401000,-16.167025000,-15.748631000,-15.363830000,-15.001639000,-14.593846000,-14.112748000,-13.584191000,-13.032744000,-12.597351000,-12.310023000,-12.175107000,-12.147102000,-12.141610000,-12.060169000,-11.927241000,-11.801795000,-11.723746000,-11.651550000,-11.462377000,-11.191647000,-10.828823000,-10.241004000,-9.273531000,-8.122000000,-7.185898000,-6.579887000,-6.031803000,-5.381307000,-4.711424000,-3.982431000,-3.066832000,-2.083792000,-1.225507000,-0.627500000,-0.279971000,-0.062994000,0.028593000,-0.127869000,-0.591333000,-1.324896000,-2.223886000,-3.226986000,-4.304809000,-5.403920000,-6.514476000,-7.623513000,-8.744816000,-9.880695000,-11.009649000,-12.104919000,-13.126425000,-13.961210000,-14.524724000,-14.773083000,-14.657348000,-14.232926000,-13.633827000,-12.880322000
-12.880322000,-12.090848000,-11.563004000,-11.525516000,-11.701781000,-11.733758000,-11.721440000,-11.649529000,-11.481524000,-11.451402000,-11.710226000,-12.164212000,-12.410248000,-12.212330000,-11.827991000,-11.521478000,-11.389907000,-11.427748000,-11.548079000,-11.616919000,-11.615717000,-11.641048000,-11.712666000,-11.834154000,-12.000292000,-12.239401000,-12.581304000,-12.959689000,-13.280332000,-13.467117000,-13.526752000,-13.539336000,-13.504508000,-13.405537000,-13.305899000,-13.319086000,-13.491806000,-13.739422000,-13.980906000,-14.141956000,-14.159974000,-14.079154000,-13.909069000,-13.649297000,-13.308462000,-12.921110000,-12.513190000,-12.112742000,-11.732346000,-11.437041000,-11.209881000,-11.005577000,-10.838956000,-10.738910000,-10.679317000,-10.582200000,-10.428596000,-10.318021000,-10.273555000,-10.211325000,-10.056670000,-9.709136000,-9.047797000,-8.007122000,-6.688956000,-5.509663000,-4.811102000,-4.438306000,-4.018177000,-3.432234000,-2.760045000,-2.155419000,-1.681323000,-1.234619000,-0.780016000,-0.427496000,-0.265139000,-0.282250000,-0.421393000,-0.596454000,-0.939566000,-1.518033000,-2.260101000,-3.038329000,-3.793876000,-4.569904000,-5.469718000,-6.466446000,-7.497691000,-8.575665000,-9.761518000,-11.060201000,-12.464233000,-13.888298000,-15.096065000,-15.938667000,-16.399837000,-16.475409000,-16.195526000,-15.627443000,-14.869976000
-14.869976000,-14.089662000,-13.500795000,-13.271625000,-13.268440000,-13.370808000,-13.556005000,-13.743878000,-13.889432000,-14.106223000,-14.394463000,-14.668464000,-14.846552000,-14.850388000,-14.735335000,-14.644447000,-14.565530000,-14.462217000,-14.376196000,-14.303265000,-14.267463000,-14.201945000,-14.223041000,-14.398477000,-14.632223000,-14.866020000,-15.069384000,-15.181623000,-15.176781000,-15.059705000,-14.883065000,-14.701757000,-14.540977000,-14.327834000,-13.997451000,-13.781592000,-13.739520000,-13.809317000,-13.936769000,-14.058683000,-14.104337000,-14.023086000,-13.825254000,-13.625588000,-13.466670000,-13.261968000,-13.012861000,-12.771568000,-12.513762000,-12.209193000,-11.879448000,-11.539464000,-11.213089000,-10.996749000,-10.940487000,-10.929499000,-10.863053000,-10.709765000,-10.473581000,-10.217312000,-10.051565000,-9.883409000,-9.554362000,-8.966546000,-8.017910000,-6.806936000,-5.609205000,-4.746964000,-4.206096000,-3.648618000,-2.949677000,-2.184799000,-1.415186000,-0.713797000,-0.127954000,0.351218000,0.758982000,1.073289000,1.235044000,1.172713000,0.876446000,0.374959000,-0.302139000,-1.064101000,-1.854265000,-2.730951000,-3.671712000,-4.636849000,-5.629132000,-6.705797000,-7.951672000,-9.430066000,-11.090892000,-12.785611000,-14.406939000,-15.781236000,-16.745880000,-17.349119000,-17.669552000,-17.687775000,-17.481249000
