-9.887239000,-10.067249000,-10.375105000,-10.598970000,-10.580297000,-10.303391000,-9.884000000,-9.528116000,-9.306626000,-9.012440000,-8.643055000,-8.353189000,-8.225615000,-8.231235000,-8.225760000,-8.123784000,-8.045897000,-8.046730000,-8.070799000,-8.118709000,-8.203330000,-8.283745000,-8.345790000,-8.400302000,-8.374613000,-8.254682000,-8.043177000,-7.832403000,-7.689289000,-7.603394000,-7.494771000,-7.429685000,-7.472376000,-7.451593000,-7.353433000,-7.267066000,-7.220261000,-7.150139000,-7.099649000,-7.131569000,-7.116209000,-7.061489000,-7.066933000,-7.107538000,-7.102548000,-7.031584000,-6.897097000,-6.680496000,-6.414901000,-6.161284000,-6.001597000,-5.905789000,-5.855757000,-5.874493000,-5.969756000,-6.171084000,-6.422920000,-6.649865000,-6.968412000,-7.405454000,-7.455349000,-6.840094000,-5.901068000,-4.961292000,-4.098825000,-3.423614000,-2.978976000,-2.668654000,-2.280418000,-1.752221000,-1.193795000,-0.552068000,0.045701000,0.462830000,0.726872000,0.786861000,0.727525000,0.550274000,0.118891000,-0.547138000,-1.347372000,-2.199465000,-3.092230000,-4.038422000,-4.945978000,-5.763501000,-6.520179000,-7.294432000,-8.077057000,-8.760966000,-9.275571000,-9.629237000,-9.831894000,-9.936272000,-10.073348000,-10.293098000,-10.528569000,-10.679488000,-10.703942000,-10.599679000,-10.420506000
-10.420506000,-10.332392000,-10.432315000,-10.629016000,-10.773056000,-10.729251000,-10.495514000,-10.041651000,-9.439341000,-8.855362000,-8.409728000,-8.166238000,-8.092256000,-8.135013000,-8.190795000,-8.173543000,-8.105611000,-8.059030000,-8.026440000,-8.000562000,-7.980252000,-7.974229000,-7.976117000,-7.924650000,-7.828506000,-7.722108000,-7.620394000,-7.546175000,-7.503675000,-7.482333000,-7.495655000,-7.534673000,-7.556079000,-7.567239000,-7.517984000,-7.388582000,-7.234594000,-7.029885000,-6.821552000,-6.714759000,-6.646367000,-6.509546000,-6.394413000,-6.355510000,-6.332218000,-6.264246000,-6.170599000,-6.119306000,-6.131849000,-6.123155000,-6.064384000,-6.004585000,-6.034042000,-6.069910000,-6.079888000,-6.137424000,-6.230818000,-6.360211000,-6.491775000,-6.516536000,-6.287520000,-5.633568000,-4.628547000,-3.512967000,-2.645427000,-2.216346000,-2.078686000,-1.930902000,-1.575560000,-1.065774000,-0.571802000,-0.166606000,0.200629000,0.473305000,0.514776000,0.309407000,-0.021769000,-0.236771000,-0.448213000,-0.980050000,-1.806198000,-2.657397000,-3.299316000,-3.775890000,-4.331995000,-5.025607000,-5.674595000,-6.240744000,-6.801826000,-7.436050000,-8.026964000,-8.434896000,-8.628720000,-8.666536000,-8.606821000,-8.547257000,-8.649506000,-8.925933000,-9.245469000,-9.477306000,-9.547348000
-9.547348000,-9.604450000,-9.797982000,-10.032828000,-10.124171000,-9.978337000,-9.561347000,-8.979813000,-8.409695000,-7.953134000,-7.655540000,-7.408670000,-7.182164000,-7.154650000,-7.347417000,-7.553964000,-7.724282000,-7.862091000,-7.888344000,-7.828040000,-7.765033000,-7.736697000,-7.718791000,-7.664715000,-7.601232000,-7.556927000,-7.574312000,-7.595244000,-7.530841000,-7.384611000,-7.179768000,-6.961928000,-6.849232000,-6.819591000,-6.764110000,-6.662197000,-6.542172000,-6.392533000,-6.293258000,-6.302306000,-6.373727000,-6.453900000,-6.524746000,-6.540991000,-6.484156000,-6.392499000,-6.370824000,-6.382834000,-6.312372000,-6.201582000,-6.162070000,-6.214205000,-6.342265000,-6.592766000,-6.849933000,-7.046835000,-7.187590000,-7.246311000,-7.357427000,-7.430890000,-7.198317000,-6.708174000,-6.073664000,-5.288782000,-4.353300000,-3.550006000,-3.060611000,-2.749481000,-2.379677000,-1.876903000,-1.287643000,-0.660943000,-0.024705000,0.541326000,0.874186000,1.023287000,0.963433000,0.624150000,0.066712000,-0.695297000,-1.557561000,-2.307325000,-2.914051000,-3.584362000,-4.352905000,-5.141195000,-5.844074000,-6.486322000,-7.174536000,-7.780972000,-8.206565000,-8.484405000,-8.641959000,-8.685496000,-8.614950000,-8.548371000,-8.631620000,-8.844363000,-9.101450000,-9.308002000,-9.441133000
-10.010421000,-9.855084000,-9.559698000,-9.380943000,-9.415320000,-9.582867000,-9.734274000,-9.703992000,-9.448958000,-9.017199000,-8.596863000,-8.415876000,-8.545377000,-8.764653000,-8.768873000,-8.552807000,-8.242205000,-7.969430000,-7.772807000,-7.579298000,-7.424967000,-7.336583000,-7.225372000,-7.096463000,-6.970590000,-6.846100000,-6.795398000,-6.810256000,-6.804569000,-6.817405000,-6.829449000,-6.823074000,-6.724807000,-6.602407000,-6.532417000,-6.402236000,-6.029025000,-5.651613000,-5.726138000,-5.948740000,-6.122182000,-6.182755000,-6.171607000,-6.115027000,-6.063756000,-6.043885000,-5.976345000,-5.870101000,-5.789543000,-5.709097000,-5.632372000,-5.561100000,-5.476962000,-5.438730000,-5.522748000,-5.713312000,-5.855617000,-5.913828000,-5.984635000,-6.125344000,-6.317728000,-6.378219000,-6.265868000,-5.976747000,-5.519769000,-4.866872000,-4.067176000,-3.256781000,-2.581395000,-2.015692000,-1.418753000,-0.685988000,0.084892000,0.727675000,1.180863000,1.458003000,1.661954000,1.646794000,1.400107000,1.115886000,0.748004000,0.070028000,-0.847542000,-1.769522000,-2.591144000,-3.372057000,-4.236827000,-5.174371000,-6.109778000,-7.052098000,-7.973400000,-8.820141000,-9.492563000,-9.917864000,-10.104037000,-10.074523000,-9.869458000,-9.665593000,-9.659128000,-9.847949000,-10.067501000
-10.067501000,-10.191306000,-10.361031000,-10.743865000,-11.108956000,-11.205160000,-11.025951000,-10.737357000,-10.439410000,-10.164339000,-9.911125000,-9.681749000,-9.466129000,-9.249098000,-8.968721000,-8.650679000,-8.407084000,-8.178620000,-7.898142000,-7.642873000,-7.517302000,-7.553533000,-7.699955000,-7.879625000,-8.015285000,-8.094739000,-8.142685000,-8.138655000,-8.071145000,-7.959157000,-7.836983000,-7.688412000,-7.471294000,-7.241936000,-7.026666000,-6.841181000,-6.756172000,-6.743550000,-6.774329000,-6.814850000,-6.805674000,-6.778524000,-6.768945000,-6.755564000,-6.649333000,-6.470206000,-6.321843000,-6.210878000,-6.114019000,-6.045190000,-5.983407000,-5.922936000,-5.921993000,-5.984558000,-6.099228000,-6.313877000,-6.634165000,-7.007414000,-7.326642000,-7.480722000,-7.526136000,-7.495745000,-7.265187000,-6.611320000,-5.559667000,-4.544343000,-3.852004000,-3.336086000,-2.816968000,-2.216853000,-1.465796000,-0.670868000,-0.066433000,0.314205000,0.565681000,0.770804000,0.929460000,0.917391000,0.625143000,0.076195000,-0.550568000,-1.118429000,-1.769116000,-2.514968000,-3.316435000,-4.181075000,-5.117234000,-6.048861000,-6.855468000,-7.571266000,-8.267138000,-8.872211000,-9.319613000,-9.546846000,-9.575774000,-9.471558000,-9.324634000,-9.248860000,-9.323743000,-9.587944000,-9.946088000
-9.946088000,-10.200186000,-10.286114000,-10.445742000,-10.761834000,-11.008711000,-10.995631000,-10.726376000,-10.254998000,-9.701319000,-9.214611000,-8.844334000,-8.591814000,-8.462535000,-8.374121000,-8.231956000,-7.949708000,-7.615427000,-7.406596000,-7.341363000,-7.322658000,-7.296285000,-7.300731000,-7.371316000,-7.489229000,-7.634524000,-7.775821000,-7.876930000,-7.915573000,-7.902130000,-7.851508000,-7.800762000,-7.773093000,-7.746081000,-7.761965000,-7.770435000,-7.672379000,-7.530376000,-7.419301000,-7.324216000,-7.236854000,-7.176481000,-7.133874000,-7.095023000,-7.146283000,-7.243600000,-7.274682000,-7.211546000,-7.079087000,-6.906139000,-6.770588000,-6.705948000,-6.667880000,-6.606599000,-6.498182000,-6.497255000,-6.629509000,-6.750832000,-6.808299000,-6.819552000,-6.817278000,-6.895036000,-6.936484000,-6.756557000,-6.195078000,-5.245125000,-4.195662000,-3.439907000,-2.998161000,-2.567776000,-1.972765000,-1.255575000,-0.552365000,0.015164000,0.409609000,0.689580000,0.981173000,1.282927000,1.475623000,1.411511000,0.929121000,0.038898000,-1.147669000,-2.380749000,-3.408929000,-4.168623000,-4.941635000,-5.960412000,-7.083091000,-8.075707000,-8.794334000,-9.274929000,-9.598125000,-9.681907000,-9.627642000,-9.557761000,-9.540103000,-9.558550000,-9.498191000,-9.417120000,-9.433160000
-10.638244000,-10.935187000,-11.283520000,-11.581838000,-11.661436000,-11.458095000,-10.953708000,-10.259533000,-9.681736000,-9.286230000,-8.825653000,-8.309864000,-7.906804000,-7.628398000,-7.437111000,-7.330912000,-7.283832000,-7.320042000,-7.403478000,-7.466733000,-7.538359000,-7.656423000,-7.818939000,-7.967998000,-8.015949000,-7.935965000,-7.868033000,-7.868753000,-7.848526000,-7.772427000,-7.656197000,-7.466671000,-7.229745000,-7.081479000,-7.017191000,-6.936999000,-6.818946000,-6.684155000,-6.571469000,-6.450667000,-6.319520000,-6.222113000,-6.138079000,-6.059689000,-6.005923000,-5.950206000,-5.883273000,-5.829701000,-5.754557000,-5.682330000,-5.622111000,-5.656191000,-5.824598000,-6.044878000,-6.201784000,-6.291938000,-6.487947000,-6.928308000,-7.471823000,-7.745320000,-7.566712000,-6.971204000,-6.111486000,-5.187767000,-4.343227000,-3.672321000,-3.142333000,-2.686200000,-2.151985000,-1.537835000,-0.936658000,-0.429712000,-0.000385000,0.345914000,0.466456000,0.354366000,0.161619000,-0.046701000,-0.412541000,-1.029696000,-1.783320000,-2.540153000,-3.300417000,-4.111563000,-4.944709000,-5.711257000,-6.439253000,-7.195711000,-7.944979000,-8.575982000,-9.030095000,-9.298788000,-9.411421000,-9.433620000,-9.479864000,-9.588818000,-9.737892000,-9.955396000,-10.158765000,-10.203295000,-10.001824000
-10.001824000,-9.777746000,-9.836208000,-10.070521000,-10.233734000,-10.246235000,-10.056601000,-9.685072000,-9.255181000,-8.846203000,-8.497334000,-8.222452000,-7.987689000,-7.723201000,-7.448803000,-7.238331000,-7.082421000,-6.955065000,-6.894799000,-6.975537000,-7.116179000,-7.188979000,-7.199858000,-7.280596000,-7.453322000,-7.652667000,-7.793694000,-7.805602000,-7.714578000,-7.604369000,-7.578533000,-7.623775000,-7.694221000,-7.688426000,-7.523661000,-7.325031000,-7.122868000,-6.954468000,-6.794191000,-6.640669000,-6.501649000,-6.347800000,-6.268419000,-6.296309000,-6.296972000,-6.249059000,-6.193746000,-6.149098000,-6.104784000,-6.074303000,-6.011909000,-5.903486000,-5.829648000,-5.839992000,-5.935942000,-6.098938000,-6.293139000,-6.527249000,-6.764170000,-6.855538000,-6.766821000,-6.455884000,-5.796936000,-4.855421000,-3.924990000,-3.326340000,-2.988564000,-2.564671000,-1.961059000,-1.325855000,-0.720460000,-0.163591000,0.282874000,0.616279000,0.837960000,0.829807000,0.570803000,0.272839000,0.083202000,-0.209365000,-0.884859000,-1.872037000,-2.872856000,-3.807832000,-4.711844000,-5.557700000,-6.319433000,-7.010786000,-7.677573000,-8.344022000,-8.922798000,-9.287767000,-9.393420000,-9.328199000,-9.208179000,-9.033211000,-8.887171000,-8.921306000,-9.117815000,-9.286259000,-9.276199000
-9.276199000,-9.050108000,-8.934896000,-9.131487000,-9.412015000,-9.520371000,-9.353835000,-8.959447000,-8.459223000,-8.011430000,-7.694561000,-7.481458000,-7.298032000,-7.193314000,-7.230118000,-7.292925000,-7.249609000,-7.135896000,-7.017742000,-6.913280000,-6.814065000,-6.763276000,-6.797219000,-6.888937000,-7.041680000,-7.276366000,-7.467927000,-7.567002000,-7.593071000,-7.477213000,-7.282244000,-7.223454000,-7.249633000,-7.190272000,-7.097107000,-7.066230000,-7.086452000,-7.011672000,-6.695884000,-6.254762000,-6.005393000,-5.976230000,-6.036111000,-6.074774000,-6.063999000,-6.027991000,-5.954891000,-5.906962000,-5.955385000,-6.089614000,-6.176190000,-6.245498000,-6.377359000,-6.518713000,-6.673310000,-6.835959000,-6.945354000,-6.862050000,-6.643690000,-6.519134000,-6.453043000,-6.272794000,-5.892908000,-5.207746000,-4.075813000,-2.807967000,-1.903389000,-1.493288000,-1.238715000,-0.767781000,-0.071050000,0.619288000,1.130341000,1.414788000,1.524661000,1.561408000,1.542727000,1.373954000,0.948634000,0.328340000,-0.446094000,-1.247922000,-2.020577000,-2.918545000,-3.972047000,-5.102193000,-6.098152000,-6.943291000,-7.796269000,-8.555696000,-9.154334000,-9.650566000,-9.962824000,-10.029442000,-9.919988000,-9.718691000,-9.573654000,-9.624865000,-9.828543000,-9.980810000,-10.001925000
-9.289630000,-9.508609000,-9.747225000,-10.154164000,-10.594720000,-10.858459000,-10.849904000,-10.567875000,-10.157312000,-9.659348000,-9.153148000,-8.771511000,-8.542263000,-8.424742000,-8.336318000,-8.265417000,-8.251866000,-8.208193000,-8.124200000,-8.081449000,-8.038445000,-8.009699000,-8.001031000,-7.964459000,-7.855691000,-7.715944000,-7.636686000,-7.641140000,-7.675173000,-7.711736000,-7.726739000,-7.645256000,-7.546256000,-7.476004000,-7.405242000,-7.359713000,-7.329056000,-7.251174000,-7.169346000,-7.132284000,-7.008645000,-6.732065000,-6.518511000,-6.458926000,-6.455029000,-6.455714000,-6.412596000,-6.401934000,-6.460199000,-6.479317000,-6.423364000,-6.345492000,-6.282590000,-6.293890000,-6.345592000,-6.395927000,-6.454584000,-6.487143000,-6.486113000,-6.578428000,-6.850876000,-7.185668000,-7.309165000,-7.015817000,-6.354202000,-5.463696000,-4.555854000,-3.763331000,-3.180475000,-2.714348000,-2.206373000,-1.636151000,-1.036890000,-0.389237000,0.250915000,0.801984000,1.155401000,1.241338000,1.083300000,0.795649000,0.323013000,-0.418356000,-1.335123000,-2.279301000,-3.123624000,-3.917345000,-4.835101000,-5.896407000,-6.930624000,-7.812495000,-8.615545000,-9.393776000,-10.034313000,-10.367821000,-10.342297000,-10.077726000,-9.763309000,-9.537810000,-9.472746000,-9.559064000,-9.725161000
-9.725161000,-9.895837000,-10.055893000,-10.290734000,-10.543795000,-10.649514000,-10.519238000,-10.228493000,-9.863453000,-9.491722000,-9.221844000,-8.970171000,-8.650354000,-8.362216000,-8.172299000,-8.063000000,-7.969893000,-7.860968000,-7.777289000,-7.749214000,-7.761427000,-7.840272000,-7.917709000,-7.955520000,-7.968363000,-7.971940000,-7.987598000,-7.995515000,-7.933161000,-7.761954000,-7.585265000,-7.532208000,-7.563754000,-7.477853000,-7.254510000,-7.008615000,-6.812337000,-6.655507000,-6.542750000,-6.490464000,-6.516625000,-6.571445000,-6.610813000,-6.623115000,-6.625167000,-6.640766000,-6.636914000,-6.567019000,-6.407194000,-6.241751000,-6.161876000,-6.154335000,-6.143117000,-6.103471000,-6.090857000,-6.156211000,-6.316126000,-6.563172000,-6.832766000,-7.091580000,-7.352703000,-7.546400000,-7.434842000,-6.862465000,-5.887898000,-4.749201000,-3.763534000,-3.087500000,-2.625036000,-2.162623000,-1.551755000,-0.860937000,-0.228197000,0.245408000,0.531916000,0.719736000,0.869132000,0.883931000,0.673717000,0.256087000,-0.256112000,-0.884046000,-1.623929000,-2.444086000,-3.367370000,-4.392302000,-5.399118000,-6.202068000,-6.832808000,-7.424971000,-7.982905000,-8.504248000,-8.967352000,-9.227817000,-9.306772000,-9.310356000,-9.278429000,-9.299906000,-9.456246000,-9.770054000,-10.100087000
-10.100087000,-10.279228000,-10.349376000,-10.466580000,-10.562537000,-10.487906000,-10.179733000,-9.655661000,-9.060001000,-8.553560000,-8.190446000,-7.935356000,-7.728036000,-7.616891000,-7.604316000,-7.621496000,-7.581921000,-7.408762000,-7.197141000,-7.110033000,-7.102912000,-7.105764000,-7.138626000,-7.156285000,-7.154865000,-7.180984000,-7.234172000,-7.302147000,-7.371817000,-7.375332000,-7.278041000,-7.148732000,-7.057818000,-6.981716000,-6.889522000,-6.821868000,-6.758457000,-6.641184000,-6.539153000,-6.478988000,-6.365662000,-6.240769000,-6.188679000,-6.176998000,-6.148522000,-6.083632000,-6.032806000,-5.997208000,-5.913841000,-5.794222000,-5.677807000,-5.586755000,-5.554511000,-5.556886000,-5.574941000,-5.621452000,-5.654241000,-5.696970000,-5.826482000,-6.010465000,-6.211010000,-6.426884000,-6.602982000,-6.606726000,-6.268104000,-5.525966000,-4.540206000,-3.714009000,-3.279147000,-2.994390000,-2.615789000,-2.117477000,-1.529825000,-0.872756000,-0.184345000,0.414298000,0.803016000,1.069874000,1.227582000,1.196901000,0.791004000,-0.040722000,-1.110129000,-2.170361000,-3.170812000,-4.126904000,-5.053216000,-6.027711000,-7.033320000,-7.985092000,-8.746634000,-9.282268000,-9.677789000,-9.890738000,-9.930268000,-9.906842000,-9.892067000,-9.989526000,-10.253873000,-10.623808000,-10.865167000
-11.379237000,-11.763868000,-11.949097000,-12.018709000,-12.092077000,-12.127258000,-11.935022000,-11.423753000,-10.683868000,-9.910330000,-9.279366000,-8.886292000,-8.656399000,-8.476089000,-8.346784000,-8.208583000,-8.003488000,-7.758428000,-7.549613000,-7.480910000,-7.489244000,-7.506668000,-7.546905000,-7.587325000,-7.606024000,-7.669797000,-7.827424000,-7.964073000,-8.029901000,-8.070734000,-8.046747000,-7.861429000,-7.639445000,-7.541754000,-7.453008000,-7.206603000,-6.862805000,-6.664013000,-6.834549000,-7.121065000,-7.165375000,-6.950374000,-6.692705000,-6.519524000,-6.425628000,-6.345551000,-6.331238000,-6.411590000,-6.415598000,-6.289807000,-6.116110000,-5.974376000,-5.883827000,-5.837726000,-5.865425000,-6.010756000,-6.206520000,-6.277809000,-6.203941000,-6.189075000,-6.210383000,-6.126545000,-5.882784000,-5.416148000,-4.803151000,-4.153529000,-3.588651000,-3.229112000,-2.921030000,-2.448401000,-1.764807000,-1.056258000,-0.425272000,0.175180000,0.611363000,0.843726000,0.901420000,0.712725000,0.415046000,0.128701000,-0.275233000,-0.980697000,-1.903903000,-2.810125000,-3.598869000,-4.321743000,-5.073405000,-5.821046000,-6.508356000,-7.189107000,-7.977171000,-8.801941000,-9.446653000,-9.747673000,-9.723587000,-9.527829000,-9.319248000,-9.251170000,-9.380217000,-9.698632000,-10.023798000
-10.023798000,-10.097989000,-10.016511000,-10.122685000,-10.360909000,-10.407340000,-10.233161000,-9.975151000,-9.708613000,-9.450856000,-9.190661000,-8.910280000,-8.624875000,-8.351490000,-8.117317000,-7.933949000,-7.802042000,-7.665404000,-7.460221000,-7.273553000,-7.197658000,-7.192454000,-7.254823000,-7.397440000,-7.552026000,-7.675266000,-7.772089000,-7.852454000,-7.869431000,-7.761266000,-7.596560000,-7.458513000,-7.312149000,-7.133982000,-6.944679000,-6.748597000,-6.635928000,-6.719821000,-6.876413000,-6.968440000,-7.042442000,-7.101938000,-7.152386000,-7.200815000,-7.237264000,-7.250660000,-7.150334000,-6.905085000,-6.681255000,-6.577398000,-6.572365000,-6.561117000,-6.519656000,-6.481318000,-6.458389000,-6.469402000,-6.513325000,-6.603574000,-6.768185000,-6.942703000,-7.017237000,-7.019347000,-6.963672000,-6.759841000,-6.187375000,-5.175646000,-4.018438000,-3.100420000,-2.461294000,-1.907999000,-1.304688000,-0.594423000,0.201091000,0.920983000,1.356427000,1.485821000,1.501063000,1.492443000,1.318041000,0.882074000,0.269451000,-0.306876000,-0.892318000,-1.612120000,-2.492302000,-3.485764000,-4.511055000,-5.564439000,-6.600218000,-7.551520000,-8.377645000,-9.036359000,-9.509889000,-9.739274000,-9.709917000,-9.553058000,-9.429989000,-9.474401000,-9.731534000,-10.135924000,-10.513746000
-10.513746000,-10.743053000,-10.929452000,-11.163622000,-11.319613000,-11.233599000,-10.906619000,-10.405220000,-9.817447000,-9.276762000,-8.831164000,-8.491407000,-8.243124000,-8.075510000,-7.987658000,-7.907181000,-7.754051000,-7.641501000,-7.698943000,-7.799809000,-7.834980000,-7.844088000,-7.860814000,-7.882210000,-7.913818000,-7.997417000,-8.090960000,-8.102713000,-8.077813000,-8.029131000,-7.951588000,-7.941265000,-7.916655000,-7.852410000,-7.784503000,-7.675930000,-7.508470000,-7.409151000,-7.389655000,-7.374695000,-7.327806000,-7.236162000,-7.102803000,-6.950223000,-6.795099000,-6.647079000,-6.522942000,-6.444867000,-6.398167000,-6.354117000,-6.304372000,-6.234863000,-6.103667000,-5.976201000,-5.982301000,-6.080543000,-6.171168000,-6.217252000,-6.256596000,-6.333014000,-6.406472000,-6.507453000,-6.582754000,-6.310971000,-5.460025000,-4.287684000,-3.340471000,-2.896559000,-2.673411000,-2.356793000,-1.863386000,-1.335354000,-0.884032000,-0.466804000,-0.081540000,0.264900000,0.623498000,0.930663000,1.078447000,0.917016000,0.327036000,-0.647214000,-1.751252000,-2.757421000,-3.603331000,-4.308202000,-5.044936000,-6.048794000,-7.213602000,-8.289268000,-9.100860000,-9.598802000,-9.997752000,-10.412353000,-10.501472000,-10.032919000,-9.387245000,-9.005922000,-9.036127000,-9.206747000,-9.292938000
-10.155058000,-10.511362000,-10.786084000,-10.875995000,-10.674858000,-10.154845000,-9.386045000,-8.581303000,-7.954056000,-7.513986000,-7.294052000,-7.315913000,-7.437522000,-7.597955000,-7.585505000,-7.411420000,-7.316272000,-7.290556000,-7.250607000,-7.213068000,-7.177125000,-7.137455000,-7.134222000,-7.148429000,-7.187423000,-7.209526000,-7.237143000,-7.293214000,-7.308455000,-7.273913000,-7.201569000,-7.090405000,-7.057889000,-7.157312000,-7.213103000,-7.116972000,-6.959152000,-6.822237000,-6.729877000,-6.688481000,-6.725575000,-6.741934000,-6.645695000,-6.489473000,-6.345454000,-6.207320000,-6.114465000,-6.063605000,-5.951067000,-5.794945000,-5.756608000,-5.848515000,-5.938957000,-5.988304000,-6.130538000,-6.418716000,-6.739781000,-7.033930000,-7.295845000,-7.425911000,-7.313756000,-6.955158000,-6.409590000,-5.779111000,-5.015999000,-4.137226000,-3.309200000,-2.614305000,-1.947157000,-1.225467000,-0.523155000,0.118616000,0.692969000,1.122486000,1.273487000,1.138822000,0.906282000,0.733404000,0.462062000,-0.083912000,-0.854407000,-1.732172000,-2.602636000,-3.466218000,-4.328948000,-5.171776000,-5.965059000,-6.708721000,-7.420599000,-8.078485000,-8.661466000,-9.134120000,-9.464898000,-9.639681000,-9.669640000,-9.716604000,-9.872462000,-10.150192000,-10.508855000,-10.800979000,-10.863422000
-10.863422000,-10.739347000,-10.710822000,-10.899830000,-11.048046000,-10.934711000,-10.585102000,-10.049199000,-9.413559000,-8.782906000,-8.265904000,-7.929790000,-7.776482000,-7.738282000,-7.682469000,-7.546556000,-7.400329000,-7.301783000,-7.254787000,-7.248672000,-7.270281000,-7.309333000,-7.335257000,-7.336805000,-7.369368000,-7.441777000,-7.535322000,-7.606586000,-7.615087000,-7.555530000,-7.495946000,-7.515574000,-7.561533000,-7.565827000,-7.393404000,-7.081815000,-6.799330000,-6.564826000,-6.360492000,-6.178613000,-6.015223000,-5.938794000,-5.938069000,-5.927908000,-5.900845000,-5.888898000,-5.900677000,-5.900176000,-5.895622000,-5.882581000,-5.845154000,-5.791905000,-5.731335000,-5.692281000,-5.744207000,-5.876647000,-6.040727000,-6.180051000,-6.196783000,-6.066078000,-5.823648000,-5.356623000,-4.535931000,-3.487593000,-2.625083000,-2.211098000,-1.979107000,-1.519022000,-0.838087000,-0.165346000,0.370751000,0.810680000,1.215244000,1.500521000,1.501009000,1.150155000,0.642554000,0.231692000,-0.112531000,-0.700407000,-1.634401000,-2.625057000,-3.510150000,-4.337299000,-5.100556000,-5.806880000,-6.515249000,-7.295328000,-8.127154000,-8.855936000,-9.420857000,-9.809811000,-9.970079000,-9.897468000,-9.740688000,-9.656264000,-9.671511000,-9.799438000,-9.977096000,-10.039381000,-9.915834000
-9.915834000,-9.761986000,-9.876546000,-10.241865000,-10.596364000,-10.686384000,-10.401509000,-9.848992000,-9.157618000,-8.459317000,-7.893831000,-7.523929000,-7.296251000,-7.134731000,-7.067286000,-7.125279000,-7.201146000,-7.246418000,-7.288949000,-7.346570000,-7.444320000,-7.541709000,-7.509729000,-7.372815000,-7.238954000,-7.151150000,-7.096034000,-7.055357000,-6.992114000,-6.881177000,-6.767914000,-6.689159000,-6.523562000,-6.291183000,-6.229955000,-6.429847000,-6.579393000,-6.490963000,-6.221690000,-5.951440000,-5.885320000,-5.952332000,-6.030298000,-6.061463000,-6.012174000,-5.860710000,-5.671850000,-5.549668000,-5.531597000,-5.615694000,-5.753853000,-5.840781000,-5.910245000,-6.099509000,-6.432448000,-6.776577000,-6.842100000,-6.754787000,-6.707985000,-6.541694000,-6.300266000,-6.152302000,-5.860301000,-5.183106000,-4.091194000,-2.974479000,-2.376165000,-2.094184000,-1.782499000,-1.307220000,-0.740276000,-0.189623000,0.232591000,0.462266000,0.612076000,0.760262000,0.781478000,0.605617000,0.095391000,-0.722331000,-1.554574000,-2.309165000,-3.179391000,-4.250048000,-5.392851000,-6.487985000,-7.386477000,-8.041456000,-8.601996000,-9.174621000,-9.643749000,-9.890106000,-9.873361000,-9.621751000,-9.265201000,-8.906513000,-8.676017000,-8.718362000,-8.956870000,-9.258950000,-9.513265000
-9.081380000,-9.049019000,-8.987906000,-9.094971000,-9.328918000,-9.478659000,-9.412171000,-9.114341000,-8.639840000,-8.220394000,-7.985904000,-7.861849000,-7.829898000,-7.954731000,-8.125041000,-8.155252000,-7.973818000,-7.639379000,-7.356676000,-7.185931000,-7.071041000,-7.002889000,-6.997568000,-7.028724000,-6.999430000,-6.922166000,-6.924350000,-7.028174000,-7.119289000,-7.149452000,-7.123773000,-7.060211000,-6.955644000,-6.936907000,-6.973228000,-6.939648000,-6.891939000,-6.898358000,-6.900761000,-6.799383000,-6.622972000,-6.448344000,-6.265347000,-6.080132000,-5.919724000,-5.843093000,-5.839174000,-5.791789000,-5.646986000,-5.543078000,-5.524418000,-5.548493000,-5.635250000,-5.789610000,-5.964612000,-6.072095000,-6.016357000,-5.906688000,-5.960738000,-6.218508000,-6.509685000,-6.524485000,-6.216447000,-5.722213000,-5.028799000,-4.163157000,-3.439237000,-3.068578000,-2.699302000,-1.957072000,-0.976721000,-0.083094000,0.597518000,1.087587000,1.333803000,1.475714000,1.525088000,1.432748000,1.214907000,0.795421000,0.102477000,-0.810605000,-1.785435000,-2.700725000,-3.540395000,-4.383673000,-5.278729000,-6.184668000,-7.067889000,-7.910605000,-8.755535000,-9.515388000,-10.041388000,-10.290363000,-10.229427000,-9.942653000,-9.642158000,-9.514841000,-9.657327000,-10.038282000,-10.446093000
-10.446093000,-10.679934000,-10.813432000,-11.059344000,-11.325250000,-11.351576000,-11.046412000,-10.504465000,-9.853937000,-9.224586000,-8.689129000,-8.242197000,-7.885951000,-7.642813000,-7.545628000,-7.540205000,-7.579854000,-7.607765000,-7.551584000,-7.453285000,-7.344169000,-7.261529000,-7.250421000,-7.303590000,-7.420983000,-7.552568000,-7.659561000,-7.750242000,-7.775549000,-7.702375000,-7.588367000,-7.515998000,-7.465999000,-7.322245000,-7.087699000,-6.892897000,-6.828043000,-6.803281000,-6.751251000,-6.721582000,-6.728851000,-6.703598000,-6.598934000,-6.457664000,-6.250260000,-5.971301000,-5.733802000,-5.587768000,-5.552720000,-5.584703000,-5.620106000,-5.674147000,-5.731675000,-5.792674000,-5.897041000,-6.081632000,-6.330884000,-6.570783000,-6.654212000,-6.627092000,-6.611596000,-6.558978000,-6.335955000,-5.748400000,-4.764692000,-3.706791000,-2.916528000,-2.391568000,-1.836178000,-1.110706000,-0.341176000,0.293516000,0.693516000,0.893337000,0.987843000,1.059654000,1.131965000,1.083371000,0.735382000,0.088913000,-0.676393000,-1.473820000,-2.303989000,-3.162815000,-4.111269000,-5.195369000,-6.264681000,-7.115283000,-7.784043000,-8.435534000,-9.060928000,-9.565970000,-9.885707000,-9.979266000,-9.854750000,-9.596401000,-9.370130000,-9.320086000,-9.476812000,-9.766801000,-9.997776000
-9.997776000,-10.018068000,-9.876902000,-9.774432000,-9.786219000,-9.791498000,-9.610240000,-9.218740000,-8.734434000,-8.272635000,-7.920143000,-7.679901000,-7.525344000,-7.448982000,-7.441081000,-7.451141000,-7.402045000,-7.337523000,-7.276766000,-7.189500000,-7.072024000,-7.008587000,-7.027230000,-7.069597000,-7.100539000,-7.126315000,-7.155652000,-7.159034000,-7.081840000,-6.934265000,-6.771134000,-6.586081000,-6.476547000,-6.472383000,-6.458037000,-6.389322000,-6.229677000,-6.059324000,-6.020882000,-6.077156000,-6.110806000,-6.075764000,-6.016444000,-6.003630000,-6.053797000,-6.082156000,-6.046089000,-6.004931000,-6.001286000,-6.022221000,-6.064209000,-6.118487000,-6.170873000,-6.179244000,-6.101511000,-5.989562000,-5.876781000,-5.758835000,-5.634114000,-5.542437000,-5.502863000,-5.498234000,-5.432717000,-5.134420000,-4.490442000,-3.583680000,-2.732460000,-2.222726000,-2.029679000,-1.757771000,-1.243187000,-0.567622000,0.218688000,0.956482000,1.355183000,1.316687000,1.176007000,1.202929000,1.250100000,1.055121000,0.481812000,-0.368047000,-1.434092000,-2.587703000,-3.547478000,-4.256830000,-4.975610000,-5.809640000,-6.615966000,-7.394605000,-8.185487000,-8.943787000,-9.588923000,-9.918549000,-9.909073000,-9.702444000,-9.474759000,-9.366342000,-9.488869000,-9.788301000,-9.991289000
-9.224157000,-9.481946000,-9.714218000,-9.952850000,-10.059531000,-9.890198000,-9.522130000,-9.115542000,-8.836136000,-8.725082000,-8.563248000,-8.316339000,-8.112281000,-7.963319000,-7.791587000,-7.617084000,-7.522562000,-7.438475000,-7.252162000,-7.062484000,-6.989635000,-7.034247000,-7.142080000,-7.261201000,-7.328198000,-7.316983000,-7.313390000,-7.348637000,-7.372780000,-7.361931000,-7.323137000,-7.252084000,-7.143522000,-7.076202000,-7.044760000,-6.974814000,-6.890931000,-6.814924000,-6.732181000,-6.641156000,-6.571077000,-6.566936000,-6.555136000,-6.430580000,-6.227920000,-6.050611000,-5.933758000,-5.815432000,-5.641833000,-5.468592000,-5.341226000,-5.296265000,-5.304541000,-5.357464000,-5.451382000,-5.595737000,-5.777477000,-6.002968000,-6.277126000,-6.602198000,-6.897476000,-6.963645000,-6.808489000,-6.508276000,-6.021760000,-5.226231000,-4.217734000,-3.379935000,-2.893688000,-2.496027000,-2.087030000,-1.777375000,-1.416590000,-0.771404000,-0.044442000,0.495577000,0.665725000,0.530054000,0.375185000,0.255393000,-0.040675000,-0.614216000,-1.373837000,-2.145328000,-2.894037000,-3.686370000,-4.510115000,-5.332935000,-6.074327000,-6.730098000,-7.338274000,-7.915316000,-8.455971000,-8.949965000,-9.301674000,-9.509281000,-9.653283000,-9.777342000,-9.998365000,-10.394819000,-10.756559000
-10.756559000,-10.936720000,-10.951799000,-10.961066000,-10.947487000,-10.785307000,-10.483023000,-10.015537000,-9.400153000,-8.817542000,-8.403287000,-8.188105000,-8.034468000,-7.803234000,-7.540903000,-7.384502000,-7.388272000,-7.449911000,-7.495454000,-7.504526000,-7.490824000,-7.473026000,-7.405391000,-7.311841000,-7.306489000,-7.429121000,-7.611310000,-7.761981000,-7.831398000,-7.780863000,-7.676035000,-7.668567000,-7.727623000,-7.720933000,-7.604535000,-7.439066000,-7.288992000,-7.127743000,-6.965450000,-6.872301000,-6.771087000,-6.565298000,-6.347584000,-6.306413000,-6.334320000,-6.263875000,-6.116560000,-5.976169000,-5.845450000,-5.765674000,-5.716984000,-5.626885000,-5.500382000,-5.411703000,-5.376592000,-5.380744000,-5.431828000,-5.585688000,-5.781275000,-5.849264000,-5.756763000,-5.555835000,-5.219646000,-4.645872000,-3.772260000,-2.916197000,-2.503586000,-2.408916000,-2.176097000,-1.701517000,-1.134771000,-0.639450000,-0.285505000,-0.001433000,0.272928000,0.415686000,0.316250000,0.036844000,-0.240503000,-0.386719000,-0.708410000,-1.348789000,-2.166388000,-2.961937000,-3.648530000,-4.274903000,-4.973631000,-5.724477000,-6.400085000,-6.959298000,-7.482096000,-8.000019000,-8.486142000,-8.879679000,-9.056140000,-9.066102000,-9.075595000,-9.148517000,-9.316331000,-9.565009000,-9.850289000
-9.850289000,-10.047274000,-10.075213000,-10.129090000,-10.209984000,-10.201514000,-10.039913000,-9.701467000,-9.219670000,-8.737916000,-8.281168000,-7.857884000,-7.528967000,-7.317666000,-7.219446000,-7.247165000,-7.278508000,-7.223208000,-7.188632000,-7.205896000,-7.230381000,-7.237463000,-7.273092000,-7.316061000,-7.408413000,-7.562938000,-7.706631000,-7.762054000,-7.726087000,-7.625547000,-7.501836000,-7.383143000,-7.269827000,-7.043006000,-6.624395000,-6.292638000,-6.123046000,-6.010318000,-5.925254000,-5.881395000,-5.818681000,-5.736265000,-5.647088000,-5.637038000,-5.745195000,-5.830191000,-5.833078000,-5.813227000,-5.766344000,-5.675585000,-5.579439000,-5.537473000,-5.556481000,-5.668451000,-5.891929000,-6.098350000,-6.259933000,-6.408565000,-6.490092000,-6.455600000,-6.485562000,-6.519808000,-6.378092000,-6.003019000,-5.330403000,-4.403567000,-3.458164000,-2.784183000,-2.444316000,-2.125602000,-1.674939000,-1.158624000,-0.583220000,-0.005467000,0.475084000,0.813897000,1.016203000,1.066014000,0.963305000,0.606125000,-0.063903000,-0.900763000,-1.786524000,-2.622256000,-3.399514000,-4.304599000,-5.323100000,-6.232328000,-6.901857000,-7.419242000,-7.922355000,-8.435601000,-8.848442000,-9.055860000,-9.076884000,-8.889179000,-8.546613000,-8.211551000,-8.036673000,-8.063087000,-8.275969000
