-2.954717000,-2.548332000,-2.050409000,-1.464130000,-0.804143000,-0.103965000,0.591906000,1.248513000,1.854471000,2.413905000,2.923831000,3.362095000,3.697564000,3.910893000,4.005824000,4.006584000,3.948934000,3.870459000,3.801433000,3.757259000,3.734561000,3.712346000,3.666315000,3.590393000,3.503822000,3.432989000,3.390045000,3.370691000,3.365810000,3.370262000,3.384910000,3.416951000,3.476659000,3.569526000,3.690485000,3.825532000,3.959254000,4.080016000,4.179430000,4.249209000,4.282573000,4.279325000,4.246337000,4.191809000,4.119173000,4.026332000,3.908008000,3.757658000,3.567670000,3.328568000,3.029051000,2.658817000,2.212823000,1.695310000,1.122889000,0.525094000,-0.061611000,-0.604480000,-1.082772000,-1.488732000,-1.824496000,-2.098546000,-2.321299000,-2.499018000,-2.629020000,-2.700860000,-2.703752000,-2.636371000,-2.510947000,-2.348145000,-2.167354000,-1.981997000,-1.802510000,-1.640637000,-1.510228000,-1.424859000,-1.395598000,-1.428300000,-1.521840000,-1.668246000,-1.854186000,-2.062571000,-2.275568000,-2.479620000,-2.669596000,-2.846895000,-3.012035000,-3.158809000,-3.274551000,-3.345525000,-3.364229000,-3.336092000,-3.280528000,-3.224036000,-3.187783000,-3.176305000,-3.172914000,-3.145628000,-3.061566000,-2.900561000,-2.659007000
-2.659007000,-2.346419000,-1.962228000,-1.502576000,-0.964873000,-0.357891000,0.294878000,0.961178000,1.609309000,2.213195000,2.752089000,3.208746000,3.570391000,3.832543000,4.002663000,4.098308000,4.140170000,4.145317000,4.125364000,4.088115000,4.039371000,3.983232000,3.921728000,3.855729000,3.786733000,3.717734000,3.652944000,3.597521000,3.557404000,3.537911000,3.542174000,3.569397000,3.613743000,3.665550000,3.715479000,3.759013000,3.796174000,3.828094000,3.854114000,3.871969000,3.877475000,3.863937000,3.823461000,3.751704000,3.650379000,3.524439000,3.376505000,3.203773000,2.999185000,2.754297000,2.461882000,2.117670000,1.721826000,1.278270000,0.792955000,0.273186000,-0.270924000,-0.824308000,-1.366795000,-1.875775000,-2.330774000,-2.716507000,-3.022748000,-3.243969000,-3.380069000,-3.435986000,-3.418428000,-3.332758000,-3.183565000,-2.979089000,-2.734345000,-2.470220000,-2.208460000,-1.966635000,-1.755829000,-1.580766000,-1.443083000,-1.345544000,-1.294712000,-1.298115000,-1.358597000,-1.471338000,-1.625685000,-1.808861000,-2.007455000,-2.207893000,-2.397511000,-2.566671000,-2.710536000,-2.829116000,-2.925994000,-3.006768000,-3.077617000,-3.143265000,-3.203610000,-3.250219000,-3.264976000,-3.223824000,-3.105394000,-2.900636000,-2.618578000
-2.618578000,-2.283212000,-1.921796000,-1.548734000,-1.155751000,-0.715588000,-0.198139000,0.411561000,1.103452000,1.843182000,2.579664000,3.255276000,3.815794000,4.219044000,4.443333000,4.494643000,4.407865000,4.237788000,4.041699000,3.861844000,3.715689000,3.597626000,3.488994000,3.370331000,3.230902000,3.072386000,2.905772000,2.744510000,2.599336000,2.476421000,2.377188000,2.298739000,2.236806000,2.189305000,2.157321000,2.142187000,2.143342000,2.158860000,2.186848000,2.225388000,2.270967000,2.317070000,2.353569000,2.367920000,2.347736000,2.283518000,2.169793000,2.005507000,1.793925000,1.540640000,1.250496000,0.923412000,0.553496000,0.132996000,-0.340568000,-0.858633000,-1.400731000,-1.938709000,-2.444053000,-2.894308000,-3.275250000,-3.578252000,-3.797524000,-3.930372000,-3.978528000,-3.947203000,-3.841978000,-3.667486000,-3.428700000,-3.134444000,-2.800386000,-2.448525000,-2.103272000,-1.787609000,-1.520389000,-1.315499000,-1.181695000,-1.123531000,-1.142691000,-1.238601000,-1.407290000,-1.638415000,-1.914013000,-2.210019000,-2.500712000,-2.763386000,-2.982728000,-3.153477000,-3.280630000,-3.376879000,-3.458074000,-3.539340000,-3.631767000,-3.739224000,-3.855423000,-3.962881000,-4.034502000,-4.038784000,-3.950025000,-3.759551000,-3.480285000
-3.480285000,-3.130759000,-2.735961000,-2.297796000,-1.801801000,-1.230699000,-0.578772000,0.141567000,0.901556000,1.660801000,2.371114000,2.981025000,3.444542000,3.733625000,3.849391000,3.824772000,3.714600000,3.575499000,3.447440000,3.346361000,3.268807000,3.201797000,3.132182000,3.053772000,2.969800000,2.889691000,2.820939000,2.764358000,2.716253000,2.675444000,2.647238000,2.640874000,2.663443000,2.715857000,2.792314000,2.880991000,2.965161000,3.025565000,3.045872000,3.020177000,2.955514000,2.866168000,2.764160000,2.653665000,2.532143000,2.392704000,2.227327000,2.029466000,1.794907000,1.519187000,1.193170000,0.802905000,0.338738000,-0.190863000,-0.754926000,-1.311676000,-1.826010000,-2.279247000,-2.667785000,-2.999057000,-3.287013000,-3.546241000,-3.783787000,-3.993487000,-4.156641000,-4.248569000,-4.247608000,-4.144670000,-3.950037000,-3.691724000,-3.406764000,-3.131497000,-2.894600000,-2.713413000,-2.592275000,-2.524616000,-2.498204000,-2.501148000,-2.526568000,-2.573765000,-2.646038000,-2.746234000,-2.873100000,-3.020784000,-3.180959000,-3.344861000,-3.502634000,-3.642116000,-3.750286000,-3.816619000,-3.835328000,-3.805521000,-3.732307000,-3.630210000,-3.522297000,-3.428486000,-3.350612000,-3.267866000,-3.148625000,-2.969269000,-2.726596000
-1.595188000,-1.375602000,-1.189635000,-1.079469000,-1.051829000,-1.036606000,-0.889407000,-0.455155000,0.328247000,1.359889000,2.450025000,3.443282000,4.242267000,4.794510000,5.071115000,5.108763000,5.004710000,4.864851000,4.753153000,4.671439000,4.625322000,4.632782000,4.657504000,4.632423000,4.549517000,4.428828000,4.291703000,4.155018000,4.016279000,3.898366000,3.826354000,3.775995000,3.715436000,3.657899000,3.614403000,3.568553000,3.506493000,3.433896000,3.377335000,3.344573000,3.327228000,3.314288000,3.298372000,3.291267000,3.289724000,3.278508000,3.258847000,3.228832000,3.184351000,3.118914000,3.014343000,2.855333000,2.641011000,2.359501000,1.977707000,1.484528000,0.898992000,0.252412000,-0.418234000,-1.067821000,-1.669541000,-2.216559000,-2.685515000,-3.047863000,-3.301895000,-3.466550000,-3.544375000,-3.542710000,-3.481132000,-3.362969000,-3.188949000,-2.970125000,-2.735918000,-2.517358000,-2.327948000,-2.183966000,-2.112731000,-2.121971000,-2.191608000,-2.302895000,-2.448210000,-2.618575000,-2.827802000,-3.099373000,-3.434699000,-3.813462000,-4.207128000,-4.598448000,-4.973015000,-5.308271000,-5.573212000,-5.754815000,-5.876583000,-5.949702000,-5.988212000,-6.022708000,-6.051748000,-6.058549000,-6.008708000,-5.878166000,-5.679567000
-5.679567000,-5.445395000,-5.169812000,-4.838458000,-4.427557000,-3.909902000,-3.285453000,-2.591205000,-1.870036000,-1.149900000,-0.453045000,0.184550000,0.708431000,1.064697000,1.239561000,1.262702000,1.189832000,1.084038000,0.992505000,0.935181000,0.906273000,0.882173000,0.847178000,0.797260000,0.742251000,0.702677000,0.685631000,0.682160000,0.685605000,0.692385000,0.706677000,0.732496000,0.769370000,0.821307000,0.897730000,0.991652000,1.097189000,1.228032000,1.381263000,1.538439000,1.686447000,1.819074000,1.931515000,2.018771000,2.072884000,2.084198000,2.050915000,1.974246000,1.848703000,1.667118000,1.423480000,1.119179000,0.743451000,0.282621000,-0.260343000,-0.866194000,-1.486100000,-2.061754000,-2.557056000,-2.959055000,-3.267146000,-3.481427000,-3.618313000,-3.704968000,-3.762857000,-3.813417000,-3.876581000,-3.934114000,-3.943924000,-3.876001000,-3.719921000,-3.496398000,-3.236289000,-2.965267000,-2.707854000,-2.479423000,-2.294858000,-2.171148000,-2.123101000,-2.154160000,-2.250421000,-2.403332000,-2.612876000,-2.874794000,-3.162277000,-3.448216000,-3.733471000,-4.019236000,-4.297801000,-4.557959000,-4.788572000,-4.995270000,-5.196324000,-5.397622000,-5.588879000,-5.769288000,-5.925203000,-6.037249000,-6.075146000,-5.993115000,-5.787334000
-5.787334000,-5.490920000,-5.159075000,-4.809816000,-4.413761000,-3.932496000,-3.352754000,-2.686068000,-1.954706000,-1.190225000,-0.450936000,0.198330000,0.705463000,1.030715000,1.164126000,1.144311000,1.044735000,0.941182000,0.875002000,0.854515000,0.859799000,0.862089000,0.833227000,0.774285000,0.707562000,0.644835000,0.597067000,0.584051000,0.605194000,0.657767000,0.739024000,0.837859000,0.948165000,1.063082000,1.178810000,1.289782000,1.390116000,1.482042000,1.568494000,1.640062000,1.682945000,1.699881000,1.697599000,1.673546000,1.622075000,1.542740000,1.436040000,1.295178000,1.093211000,0.802658000,0.410963000,-0.072484000,-0.617475000,-1.182872000,-1.737153000,-2.274892000,-2.806805000,-3.323209000,-3.796514000,-4.191382000,-4.486617000,-4.678489000,-4.777186000,-4.813786000,-4.820043000,-4.800989000,-4.730096000,-4.578342000,-4.338751000,-4.004264000,-3.582655000,-3.123884000,-2.695435000,-2.342418000,-2.085116000,-1.923364000,-1.838696000,-1.817641000,-1.848115000,-1.918372000,-2.031511000,-2.198565000,-2.419880000,-2.690655000,-3.006447000,-3.359539000,-3.736233000,-4.115378000,-4.477685000,-4.791613000,-5.022578000,-5.157123000,-5.185484000,-5.129577000,-5.036470000,-4.943400000,-4.879083000,-4.866378000,-4.885254000,-4.863643000,-4.746703000
-4.746703000,-4.523880000,-4.227718000,-3.907267000,-3.567290000,-3.162694000,-2.644630000,-2.008318000,-1.294333000,-0.546073000,0.196661000,0.906335000,1.553620000,2.081234000,2.437449000,2.623009000,2.675901000,2.648122000,2.612448000,2.628257000,2.705621000,2.804743000,2.877534000,2.903641000,2.887801000,2.839236000,2.770246000,2.705775000,2.675400000,2.688730000,2.747175000,2.842801000,2.950669000,3.038165000,3.105470000,3.179160000,3.269519000,3.359700000,3.431491000,3.495840000,3.564399000,3.613688000,3.619127000,3.582612000,3.517844000,3.430888000,3.320330000,3.176020000,3.004132000,2.801165000,2.542894000,2.220474000,1.838508000,1.404559000,0.923743000,0.388358000,-0.204264000,-0.839489000,-1.486005000,-2.101110000,-2.642109000,-3.088257000,-3.431132000,-3.688145000,-3.896018000,-4.073872000,-4.218408000,-4.296382000,-4.265124000,-4.102219000,-3.825906000,-3.479645000,-3.110785000,-2.752489000,-2.428181000,-2.158497000,-1.954571000,-1.816394000,-1.754154000,-1.774537000,-1.852730000,-1.951734000,-2.051398000,-2.185767000,-2.352473000,-2.476867000,-2.549086000,-2.624213000,-2.734130000,-2.895320000,-3.035947000,-3.026957000,-2.822819000,-2.574874000,-2.501558000,-2.604534000,-2.802307000,-3.042288000,-3.234061000,-3.319010000,-3.302198000
-3.696139000,-3.492816000,-3.209396000,-2.856215000,-2.456069000,-2.038925000,-1.634241000,-1.262529000,-0.929155000,-0.622777000,-0.319357000,0.009038000,0.383919000,0.812422000,1.284366000,1.774606000,2.249651000,2.675106000,3.022450000,3.273384000,3.421327000,3.470425000,3.433488000,3.328773000,3.177114000,2.999480000,2.815202000,2.640966000,2.490226000,2.373155000,2.296387000,2.262917000,2.271933000,2.318719000,2.395179000,2.490785000,2.594061000,2.694359000,2.783061000,2.854312000,2.904937000,2.934078000,2.942159000,2.930414000,2.899807000,2.850190000,2.778745000,2.679099000,2.540862000,2.350842000,2.095893000,1.767212000,1.364089000,0.895948000,0.381226000,-0.156522000,-0.693660000,-1.210739000,-1.694176000,-2.135664000,-2.530029000,-2.873205000,-3.160933000,-3.389126000,-3.554536000,-3.655500000,-3.692233000,-3.666700000,-3.581865000,-3.441773000,-3.251849000,-3.019768000,-2.756661000,-2.477458000,-2.200452000,-1.945720000,-1.732962000,-1.579119000,-1.496561000,-1.491846000,-1.565185000,-1.710503000,-1.916402000,-2.167415000,-2.446229000,-2.736222000,-3.023174000,-3.296115000,-3.546921000,-3.769068000,-3.956712000,-4.104290000,-4.207075000,-4.262218000,-4.269085000,-4.228390000,-4.140148000,-4.002136000,-3.810370000,-3.561523000,-3.255892000
-3.255892000,-2.886232000,-2.470317000,-2.016975000,-1.531772000,-1.016665000,-0.472447000,0.097366000,0.683319000,1.268863000,1.831568000,2.346653000,2.791077000,3.147324000,3.405708000,3.565473000,3.634819000,3.629725000,3.571129000,3.481372000,3.380312000,3.282351000,3.195326000,3.121172000,3.057970000,3.002776000,2.954103000,2.912846000,2.882215000,2.866521000,2.869234000,2.891858000,2.933154000,2.989487000,3.056043000,3.127973000,3.201272000,3.272924000,3.340177000,3.399691000,3.446790000,3.475643000,3.479895000,3.454132000,3.394978000,3.301321000,3.173439000,3.010756000,2.809626000,2.562073000,2.256650000,1.881924000,1.431543000,0.908452000,0.326382000,-0.292250000,-0.921196000,-1.535460000,-2.114831000,-2.644872000,-3.116107000,-3.522058000,-3.857394000,-4.115978000,-4.290600000,-4.373894000,-4.360398000,-4.249676000,-4.048602000,-3.771992000,-3.441737000,-3.084162000,-2.726332000,-2.392906000,-2.103387000,-1.870986000,-1.702730000,-1.600431000,-1.561976000,-1.582428000,-1.654810000,-1.770457000,-1.919522000,-2.091043000,-2.273382000,-2.454539000,-2.622897000,-2.768089000,-2.882118000,-2.960291000,-3.001824000,-3.009970000,-2.991894000,-2.957683000,-2.918449000,-2.882882000,-2.853023000,-2.821193000,-2.770143000,-2.676578000,-2.517264000
-2.517264000,-2.282093000,-1.959075000,-1.546873000,-1.049947000,-0.477740000,0.155109000,0.827565000,1.512049000,2.176287000,2.786717000,3.313161000,3.733046000,4.034417000,4.217298000,4.293406000,4.284189000,4.217364000,4.122039000,4.023511000,3.939173000,3.876337000,3.832843000,3.800218000,3.767838000,3.727355000,3.675563000,3.615257000,3.554228000,3.502793000,3.470975000,3.466061000,3.491034000,3.544101000,3.619060000,3.706701000,3.796326000,3.877468000,3.941397000,3.981966000,3.995510000,3.980592000,3.937084000,3.865556000,3.767004000,3.642983000,3.495456000,3.326867000,3.139271000,2.932898000,2.705120000,2.449785000,2.158499000,1.823255000,1.440267000,1.012784000,0.552038000,0.075218000,-0.397847000,-0.848976000,-1.264576000,-1.636842000,-1.963251000,-2.244482000,-2.481812000,-2.674961000,-2.820838000,-2.913962000,-2.948034000,-2.918360000,-2.824230000,-2.670246000,-2.466816000,-2.229577000,-1.978131000,-1.734212000,-1.519731000,-1.354505000,-1.254619000,-1.230806000,-1.287623000,-1.422993000,-1.628196000,-1.888645000,-2.185384000,-2.497390000,-2.804438000,-3.089848000,-3.342622000,-3.558197000,-3.737987000,-3.887764000,-4.015310000,-4.128011000,-4.230781000,-4.324384000,-4.404360000,-4.461488000,-4.483719000,-4.459058000,-4.378436000
-4.378436000,-4.232649000,-4.019911000,-3.737615000,-3.382034000,-2.949018000,-2.437328000,-1.852497000,-1.210204000,-0.537246000,0.130605000,0.753760000,1.295564000,1.728449000,2.037869000,2.223913000,2.300229000,2.290604000,2.223826000,2.128041000,2.026149000,1.933101000,1.855391000,1.792718000,1.740779000,1.694807000,1.652428000,1.614932000,1.586927000,1.574591000,1.583728000,1.617788000,1.676746000,1.757222000,1.852883000,1.955575000,2.056556000,2.147187000,2.220007000,2.269108000,2.290124000,2.280709000,2.240212000,2.169283000,2.069446000,1.942538000,1.789503000,1.609527000,1.399474000,1.153954000,0.866654000,0.532952000,0.152798000,-0.267001000,-0.712691000,-1.166271000,-1.609797000,-2.029544000,-2.418197000,-2.774280000,-3.099509000,-3.395349000,-3.660110000,-3.887023000,-4.064159000,-4.176517000,-4.209633000,-4.153941000,-4.008319000,-3.781831000,-3.493111000,-3.167663000,-2.834065000,-2.519181000,-2.244532000,-2.024090000,-1.864059000,-1.764481000,-1.721402000,-1.728749000,-1.779632000,-1.866986000,-1.983670000,-2.122542000,-2.276659000,-2.439239000,-2.603755000,-2.763497000,-2.911244000,-3.039489000,-3.141510000,-3.212932000,-3.253677000,-3.268575000,-3.266359000,-3.256583000,-3.245668000,-3.233651000,-3.212880000,-3.169411000,-3.086305000
-3.636414000,-3.233934000,-2.722637000,-2.126607000,-1.479541000,-0.815768000,-0.162344000,0.464829000,1.059879000,1.622394000,2.151501000,2.641479000,3.080020000,3.450431000,3.736250000,3.926723000,4.020786000,4.028130000,3.966925000,3.859439000,3.727262000,3.587470000,3.451080000,3.323153000,3.204555000,3.093971000,2.989632000,2.890516000,2.796622000,2.709091000,2.629879000,2.561432000,2.506510000,2.467489000,2.446083000,2.442755000,2.456468000,2.484623000,2.523325000,2.567682000,2.612504000,2.652498000,2.682743000,2.698956000,2.697839000,2.677052000,2.635100000,2.571043000,2.483554000,2.370303000,2.227387000,2.049468000,1.830781000,1.566806000,1.256063000,0.901506000,0.511035000,0.096615000,-0.327526000,-0.747150000,-1.150005000,-1.526725000,-1.870722000,-2.177239000,-2.442294000,-2.662364000,-2.834614000,-2.957441000,-3.030628000,-3.054942000,-3.031893000,-2.963609000,-2.853517000,-2.707359000,-2.534202000,-2.346844000,-2.161307000,-1.995394000,-1.866780000,-1.790595000,-1.777499000,-1.831806000,-1.950545000,-2.123584000,-2.335111000,-2.566357000,-2.799363000,-3.020401000,-3.222199000,-3.403564000,-3.566809000,-3.714556000,-3.847897000,-3.966793000,-4.071383000,-4.161376000,-4.233989000,-4.281152000,-4.288909000,-4.239939000,-4.118528000
-4.118528000,-3.919445000,-3.640034000,-3.286294000,-2.868713000,-2.399673000,-1.890892000,-1.352679000,-0.794124000,-0.224299000,0.345702000,0.901320000,1.424182000,1.894013000,2.291710000,2.603011000,2.821470000,2.949994000,3.000612000,2.991973000,2.945496000,2.881333000,2.815227000,2.756963000,2.710336000,2.674459000,2.645259000,2.617628000,2.587040000,2.550869000,2.509409000,2.465838000,2.425965000,2.396861000,2.385386000,2.396515000,2.432508000,2.492437000,2.572722000,2.667937000,2.771861000,2.878247000,2.981223000,3.075332000,3.155459000,3.216610000,3.253740000,3.261644000,3.234862000,3.167466000,3.053269000,2.886051000,2.660630000,2.374088000,2.027465000,1.626844000,1.183926000,0.714887000,0.238389000,-0.227208000,-0.666111000,-1.066374000,-1.419649000,-1.720432000,-1.964783000,-2.149702000,-2.273145000,-2.334647000,-2.335942000,-2.281149000,-2.176736000,-2.030912000,-1.853318000,-1.655198000,-1.449962000,-1.253760000,-1.084751000,-0.961338000,-0.899191000,-0.908656000,-0.993021000,-1.148648000,-1.366083000,-1.632302000,-1.932791000,-2.253289000,-2.581001000,-2.904917000,-3.216092000,-3.507504000,-3.773997000,-4.012416000,-4.221649000,-4.402631000,-4.557755000,-4.689266000,-4.796962000,-4.876109000,-4.917102000,-4.907265000,-4.834812000
-4.834812000,-4.691855000,-4.477925000,-4.198206000,-3.860919000,-3.474212000,-3.044466000,-2.576879000,-2.077855000,-1.558496000,-1.036614000,-0.536495000,-0.085769000,0.289487000,0.570138000,0.748243000,0.828744000,0.828252000,0.770880000,0.682959000,0.588007000,0.503472000,0.439555000,0.399891000,0.383914000,0.388814000,0.411551000,0.449486000,0.500552000,0.562906000,0.634814000,0.714446000,0.800101000,0.890124000,0.982995000,1.077067000,1.170582000,1.261402000,1.347127000,1.425466000,1.494195000,1.551538000,1.595965000,1.625989000,1.639529000,1.633531000,1.603616000,1.544179000,1.448714000,1.310826000,1.124856000,0.887333000,0.597812000,0.259638000,-0.120069000,-0.530926000,-0.960740000,-1.397151000,-1.828854000,-2.246321000,-2.641116000,-3.004930000,-3.328386000,-3.600648000,-3.810484000,-3.947675000,-4.005282000,-3.981534000,-3.880722000,-3.713421000,-3.495322000,-3.245542000,-2.984304000,-2.730730000,-2.501556000,-2.310385000,-2.167756000,-2.081275000,-2.055736000,-2.092997000,-2.191805000,-2.347614000,-2.552722000,-2.796592000,-3.066532000,-3.348798000,-3.629596000,-3.896390000,-4.138934000,-4.349788000,-4.524748000,-4.662696000,-4.765568000,-4.837957000,-4.886563000,-4.918706000,-4.940315000,-4.952998000,-4.951733000,-4.924251000,-4.852976000
-4.852976000,-4.713863000,-4.491462000,-4.176065000,-3.766089000,-3.267273000,-2.691079000,-2.053698000,-1.376474000,-0.687030000,-0.019017000,0.591315000,1.111332000,1.518672000,1.806058000,1.982165000,2.068238000,2.092205000,2.081810000,2.059304000,2.038567000,2.025108000,2.018345000,2.014754000,2.010998000,2.005574000,1.999163000,1.993944000,1.992826000,1.998707000,2.014224000,2.041397000,2.081526000,2.134918000,2.200682000,2.276746000,2.360125000,2.447331000,2.534971000,2.619992000,2.699969000,2.772313000,2.834165000,2.881186000,2.907510000,2.905611000,2.866762000,2.781839000,2.641990000,2.440006000,2.171254000,1.835688000,1.439054000,0.994085000,0.519374000,0.037234000,-0.430998000,-0.869063000,-1.268917000,-1.631300000,-1.962762000,-2.271560000,-2.562481000,-2.833700000,-3.075561000,-3.272882000,-3.409013000,-3.470926000,-3.453453000,-3.361041000,-3.206940000,-3.010162000,-2.792005000,-2.572773000,-2.370249000,-2.198661000,-2.068240000,-1.985054000,-1.951001000,-1.964726000,-2.022505000,-2.119262000,-2.249099000,-2.404999000,-2.578402000,-2.758345000,-2.931634000,-3.083879000,-3.201790000,-3.275947000,-3.303212000,-3.287875000,-3.241146000,-3.179360000,-3.120670000,-3.080778000,-3.067768000,-3.077115000,-3.089885000,-3.074597000,-2.994579000
-2.023107000,-1.641797000,-1.260076000,-0.894773000,-0.555889000,-0.245745000,0.041090000,0.318420000,0.604439000,0.914467000,1.250929000,1.602028000,1.949231000,2.271841000,2.549641000,2.765957000,2.913401000,2.997665000,3.031088000,3.026875000,2.999150000,2.959701000,2.914763000,2.868098000,2.821056000,2.773005000,2.723725000,2.674703000,2.631401000,2.601515000,2.592104000,2.606956000,2.644691000,2.700539000,2.766374000,2.833726000,2.896346000,2.948482000,2.985874000,3.007268000,3.010430000,2.993806000,2.958864000,2.910239000,2.851828000,2.781281000,2.691710000,2.570618000,2.399365000,2.156599000,1.824391000,1.402618000,0.913863000,0.395361000,-0.114699000,-0.593413000,-1.037776000,-1.453361000,-1.846945000,-2.224236000,-2.582703000,-2.910206000,-3.190055000,-3.406087000,-3.546918000,-3.607209000,-3.589437000,-3.501940000,-3.355366000,-3.161537000,-2.935071000,-2.695384000,-2.458427000,-2.240072000,-2.061505000,-1.941424000,-1.889762000,-1.909171000,-1.996621000,-2.147583000,-2.352257000,-2.597159000,-2.866902000,-3.145302000,-3.417001000,-3.668562000,-3.889144000,-4.074021000,-4.224698000,-4.344149000,-4.436286000,-4.507637000,-4.562408000,-4.602596000,-4.630738000,-4.645852000,-4.641610000,-4.611690000,-4.548470000,-4.441184000,-4.276922000
-4.276922000,-4.041813000,-3.733705000,-3.352829000,-2.904126000,-2.397570000,-1.843374000,-1.255140000,-0.650963000,-0.048535000,0.533446000,1.075774000,1.561384000,1.974101000,2.304840000,2.549962000,2.708824000,2.788532000,2.804586000,2.775491000,2.718582000,2.648688000,2.576587000,2.504017000,2.427135000,2.342800000,2.252376000,2.160228000,2.072441000,1.996928000,1.940698000,1.908195000,1.900524000,1.919641000,1.966926000,2.041790000,2.141348000,2.258085000,2.382920000,2.508300000,2.626366000,2.727961000,2.802932000,2.842399000,2.842741000,2.809382000,2.751498000,2.673649000,2.568695000,2.418488000,2.198862000,1.884526000,1.463014000,0.951851000,0.395705000,-0.159951000,-0.688656000,-1.180749000,-1.634040000,-2.049834000,-2.432120000,-2.782014000,-3.090941000,-3.345187000,-3.534355000,-3.651943000,-3.697030000,-3.677002000,-3.604729000,-3.496064000,-3.371211000,-3.249483000,-3.146909000,-3.077852000,-3.052359000,-3.073481000,-3.140695000,-3.251046000,-3.396469000,-3.570062000,-3.764831000,-3.970876000,-4.180100000,-4.387106000,-4.587924000,-4.776002000,-4.938097000,-5.064282000,-5.150789000,-5.202405000,-5.232900000,-5.257579000,-5.289502000,-5.338585000,-5.411821000,-5.507428000,-5.611504000,-5.699271000,-5.740890000,-5.709878000,-5.585985000
-5.585985000,-5.350411000,-5.001208000,-4.543935000,-3.992183000,-3.369527000,-2.698827000,-2.003278000,-1.306221000,-0.629885000,0.004243000,0.576324000,1.072338000,1.482584000,1.800489000,2.022511000,2.151008000,2.199800000,2.188980000,2.139878000,2.074332000,2.010363000,1.958612000,1.921807000,1.894781000,1.869909000,1.844663000,1.822278000,1.808107000,1.808380000,1.827242000,1.867014000,1.928759000,2.014917000,2.122251000,2.241048000,2.363577000,2.484985000,2.600997000,2.707300000,2.796000000,2.856367000,2.880448000,2.870310000,2.831524000,2.764841000,2.671016000,2.550286000,2.395390000,2.191839000,1.921969000,1.564353000,1.104314000,0.544253000,-0.086460000,-0.735376000,-1.348827000,-1.894952000,-2.374517000,-2.805524000,-3.209273000,-3.603697000,-3.994221000,-4.364309000,-4.681382000,-4.911786000,-5.032756000,-5.032625000,-4.912502000,-4.688659000,-4.388177000,-4.043548000,-3.685858000,-3.340826000,-3.027775000,-2.760885000,-2.548834000,-2.392663000,-2.290718000,-2.242369000,-2.246533000,-2.306906000,-2.427088000,-2.606624000,-2.837240000,-3.103400000,-3.388740000,-3.676604000,-3.952473000,-4.202363000,-4.415168000,-4.592007000,-4.739128000,-4.866203000,-4.981535000,-5.088554000,-5.181683000,-5.246628000,-5.258285000,-5.185636000,-5.005708000
-5.005708000,-4.714678000,-4.314827000,-3.823135000,-3.263153000,-2.654609000,-2.011536000,-1.349216000,-0.683045000,-0.024973000,0.614508000,1.224839000,1.793811000,2.306628000,2.744205000,3.090125000,3.333770000,3.472846000,3.516952000,3.486069000,3.403490000,3.293453000,3.178812000,3.075013000,2.987835000,2.916736000,2.858901000,2.811456000,2.773567000,2.747102000,2.733891000,2.733703000,2.746962000,2.778310000,2.830850000,2.904878000,2.999425000,3.110867000,3.232356000,3.357443000,3.481291000,3.590551000,3.671606000,3.716278000,3.722592000,3.690889000,3.624506000,3.533256000,3.421659000,3.270814000,3.041709000,2.687602000,2.178771000,1.523135000,0.767409000,-0.021682000,-0.780395000,-1.469618000,-2.080007000,-2.618849000,-3.093693000,-3.507060000,-3.855843000,-4.129259000,-4.310879000,-4.384417000,-4.339886000,-4.181215000,-3.927294000,-3.603882000,-3.242478000,-2.873684000,-2.521492000,-2.205315000,-1.940175000,-1.738755000,-1.609455000,-1.553931000,-1.570662000,-1.655366000,-1.800242000,-1.997072000,-2.236422000,-2.510418000,-2.813124000,-3.133648000,-3.456629000,-3.768168000,-4.058232000,-4.316144000,-4.529896000,-4.695654000,-4.820990000,-4.914065000,-4.981651000,-5.028942000,-5.060692000,-5.074193000,-5.054068000,-4.977816000,-4.822392000
-4.428765000,-4.256829000,-4.039447000,-3.786997000,-3.507746000,-3.204465000,-2.873968000,-2.509840000,-2.105832000,-1.658378000,-1.168106000,-0.640539000,-0.086843000,0.475618000,1.023346000,1.528379000,1.961846000,2.298986000,2.524408000,2.635988000,2.645928000,2.578599000,2.465720000,2.340132000,2.229991000,2.154529000,2.122067000,2.130792000,2.171324000,2.230854000,2.297256000,2.362379000,2.423295000,2.481761000,2.541950000,2.607681000,2.680670000,2.759678000,2.840993000,2.919878000,2.991847000,3.053552000,3.102693000,3.137059000,3.153123000,3.144557000,3.101475000,3.010516000,2.856737000,2.626312000,2.310283000,1.908179000,1.429579000,0.893137000,0.322436000,-0.258992000,-0.832378000,-1.385096000,-1.909133000,-2.397774000,-2.842773000,-3.233364000,-3.557879000,-3.806438000,-3.973172000,-4.057668000,-4.064708000,-4.003554000,-3.886809000,-3.729867000,-3.550241000,-3.367156000,-3.200439000,-3.068883000,-2.988429000,-2.970319000,-3.019989000,-3.136662000,-3.314040000,-3.541566000,-3.805803000,-4.091829000,-4.384111000,-4.667141000,-4.926419000,-5.150020000,-5.330106000,-5.464501000,-5.557156000,-5.617296000,-5.657433000,-5.690340000,-5.726118000,-5.770020000,-5.821774000,-5.876162000,-5.924010000,-5.952848000,-5.947051000,-5.888816000,-5.760051000
-5.760051000,-5.545503000,-5.235113000,-4.825479000,-4.319807000,-3.727584000,-3.064593000,-2.352860000,-1.620280000,-0.899009000,-0.222310000,0.379689000,0.884297000,1.279515000,1.565403000,1.753130000,1.861968000,1.915057000,1.934696000,1.938414000,1.936733000,1.933188000,1.926089000,1.911766000,1.887706000,1.854625000,1.816790000,1.781001000,1.754494000,1.743444000,1.751874000,1.781512000,1.832472000,1.903982000,1.994767000,2.103183000,2.226664000,2.361342000,2.501607000,2.640508000,2.770190000,2.882993000,2.972122000,3.032146000,3.058545000,3.047079000,2.992742000,2.888988000,2.727847000,2.501112000,2.202640000,1.831118000,1.392560000,0.900792000,0.375500000,-0.161427000,-0.690511000,-1.198055000,-1.677189000,-2.126400000,-2.546344000,-2.936466000,-3.292604000,-3.606138000,-3.865344000,-4.057910000,-4.174537000,-4.211730000,-4.173620000,-4.071978000,-3.924484000,-3.752174000,-3.576367000,-3.416108000,-3.286558000,-3.198575000,-3.158816000,-3.170287000,-3.232603000,-3.342373000,-3.493494000,-3.677804000,-3.885924000,-4.107878000,-4.333335000,-4.551419000,-4.750694000,-4.919671000,-5.048446000,-5.130628000,-5.165476000,-5.158476000,-5.120431000,-5.064194000,-5.000886000,-4.935953000,-4.866799000,-4.782114000,-4.663754000,-4.491131000,-4.247286000
-4.247286000,-3.919772000,-3.515368000,-3.047312000,-2.531418000,-1.980001000,-1.399796000,-0.794503000,-0.169368000,0.464748000,1.089841000,1.682111000,2.215391000,2.665616000,3.015542000,3.258019000,3.397519000,3.449084000,3.435322000,3.381667000,3.311414000,3.242073000,3.183808000,3.139930000,3.109447000,3.090126000,3.080896000,3.083119000,3.100168000,3.135963000,3.193424000,3.273072000,3.372733000,3.487904000,3.612616000,3.740339000,3.864585000,3.979304000,4.079109000,4.159039000,4.214939000,4.243732000,4.243856000,4.215675000,4.161249000,4.083250000,3.983165000,3.859036000,3.703640000,3.504554000,3.246390000,2.915240000,2.503909000,2.015904000,1.466296000,0.878391000,0.278295000,-0.311071000,-0.873648000,-1.400811000,-1.888964000,-2.336343000,-2.739992000,-3.094071000,-3.389618000,-3.615801000,-3.762143000,-3.821409000,-3.792345000,-3.681131000,-3.501470000,-3.273163000,-3.019292000,-2.763256000,-2.526095000,-2.324693000,-2.171347000,-2.074194000,-2.037857000,-2.063921000,-2.151182000,-2.295250000,-2.488260000,-2.718597000,-2.971332000,-3.229148000,-3.474084000,-3.689781000,-3.863491000,-3.987797000,-4.061890000,-4.092090000,-4.091045000,-4.075044000,-4.058702000,-4.048374000,-4.036696000,-4.000896000,-3.906613000,-3.716465000,-3.401365000
-3.401365000,-2.959112000,-2.394921000,-1.734054000,-1.007956000,-0.245958000,0.527338000,1.289739000,2.018826000,2.691784000,3.288075000,3.792379000,4.196161000,4.497785000,4.701485000,4.815970000,4.853477000,4.829226000,4.761000000,4.667528000,4.565888000,4.468676000,4.382267000,4.306968000,4.239118000,4.173658000,4.106950000,4.038589000,3.971877000,3.913254000,3.870965000,3.852924000,3.864969000,3.909233000,3.983367000,4.080541000,4.190346000,4.300387000,4.398114000,4.472243000,4.514259000,4.518675000,4.483085000,4.407443000,4.292941000,4.140623000,3.950247000,3.719649000,3.444734000,3.120335000,2.741717000,2.306810000,1.818418000,1.285538000,0.723481000,0.151496000,-0.410273000,-0.944268000,-1.437702000,-1.882951000,-2.276263000,-2.616241000,-2.901989000,-3.131817000,-3.302659000,-3.410242000,-3.450041000,-3.419054000,-3.317626000,-3.151018000,-2.929991000,-2.669906000,-2.389225000,-2.107302000,-1.842367000,-1.610170000,-1.423270000,-1.290880000,-1.219344000,-1.212543000,-1.272181000,-1.397970000,-1.587504000,-1.836297000,-2.137811000,-2.483336000,-2.861923000,-3.260421000,-3.663844000,-4.056590000,-4.423963000,-4.753521000,-5.035775000,-5.264282000,-5.435611000,-5.548892000,-5.605340000,-5.607239000,-5.556105000,-5.450739000,-5.286131000
