0.570787000,0.559957000,0.575967000,0.594078000,0.603893000,0.611922000,0.628999000,0.660986000,0.705568000,0.750219000,0.771653000,0.741874000,0.643230000,0.479491000,0.272229000,0.047638000,-0.172126000,-0.370894000,-0.537870000,-0.666044000,-0.752770000,-0.799963000,-0.809911000,-0.781989000,-0.720731000,-0.645813000,-0.583307000,-0.544759000,-0.521680000,-0.505136000,-0.505105000,-0.543046000,-0.623402000,-0.718609000,-0.786385000,-0.798634000,-0.750696000,-0.649542000,-0.502067000,-0.317094000,-0.112834000,0.083373000,0.246097000,0.364794000,0.446889000,0.508607000,0.563797000,0.618128000,0.666495000,0.693012000,0.677272000,0.607135000,0.490187000,0.356309000,0.250067000,0.215298000,0.276844000,0.420897000,0.587515000,0.695781000,0.697978000,0.614778000,0.512792000,0.450960000,0.447861000,0.490825000,0.563700000,0.658414000,0.757769000,0.824028000,0.820939000,0.746880000,0.646273000,0.589526000,0.632521000,0.770105000,0.926370000,1.014541000,1.014950000,0.979752000,0.957789000,0.944060000,0.912307000,0.868872000,0.847739000,0.864503000,0.899253000,0.922802000,0.924255000,0.912998000,0.906740000,0.919412000,0.952202000,0.992570000,1.023630000,1.033096000,1.012336000,0.950604000,0.837993000,0.679489000,0.500764000
0.500764000,0.332378000,0.203634000,0.120607000,0.076763000,0.061616000,0.065910000,0.084420000,0.115996000,0.158997000,0.206100000,0.243434000,0.254193000,0.225105000,0.154413000,0.056533000,-0.044482000,-0.132126000,-0.206981000,-0.272729000,-0.318319000,-0.324418000,-0.289328000,-0.241424000,-0.224348000,-0.265315000,-0.349092000,-0.426511000,-0.460250000,-0.462305000,-0.477002000,-0.533415000,-0.623727000,-0.721947000,-0.808821000,-0.876544000,-0.919719000,-0.929398000,-0.899637000,-0.841283000,-0.784519000,-0.758519000,-0.769809000,-0.804015000,-0.842131000,-0.867449000,-0.863846000,-0.820804000,-0.740742000,-0.637786000,-0.526796000,-0.411097000,-0.280284000,-0.128137000,0.023563000,0.131224000,0.169963000,0.164392000,0.175504000,0.259809000,0.436737000,0.681964000,0.940949000,1.153370000,1.283820000,1.343537000,1.376887000,1.420671000,1.474674000,1.509094000,1.489475000,1.395246000,1.228837000,1.020370000,0.821865000,0.688314000,0.652874000,0.704818000,0.783779000,0.811966000,0.749656000,0.621686000,0.487150000,0.389917000,0.339666000,0.332826000,0.373533000,0.463698000,0.583047000,0.696705000,0.782339000,0.842634000,0.893812000,0.945304000,0.989844000,1.010852000,0.993944000,0.927770000,0.803650000,0.630600000,0.451703000
0.451703000,0.327122000,0.283601000,0.305066000,0.345985000,0.366597000,0.355288000,0.329760000,0.326622000,0.383270000,0.516749000,0.708511000,0.904765000,1.035559000,1.044842000,0.918202000,0.692553000,0.435569000,0.205070000,0.021601000,-0.126178000,-0.260301000,-0.397145000,-0.540503000,-0.673832000,-0.763566000,-0.783424000,-0.739691000,-0.667738000,-0.607365000,-0.585049000,-0.609706000,-0.672218000,-0.748389000,-0.804517000,-0.804376000,-0.727962000,-0.595563000,-0.461902000,-0.368991000,-0.306646000,-0.229246000,-0.111042000,0.020696000,0.107783000,0.111299000,0.043708000,-0.039100000,-0.082785000,-0.081440000,-0.081017000,-0.127123000,-0.210926000,-0.265506000,-0.209087000,0.000056000,0.332401000,0.700615000,1.016774000,1.232394000,1.332318000,1.312320000,1.182963000,0.988888000,0.801130000,0.680737000,0.649730000,0.698001000,0.805926000,0.957296000,1.132626000,1.293368000,1.385495000,1.372402000,1.261035000,1.084589000,0.875576000,0.684346000,0.595691000,0.679333000,0.903022000,1.132210000,1.251409000,1.256969000,1.217365000,1.166299000,1.085161000,0.971800000,0.872744000,0.841275000,0.887304000,0.973213000,1.051207000,1.097495000,1.110471000,1.088378000,1.024713000,0.924197000,0.805416000,0.691110000,0.601967000
0.761205000,0.793941000,0.888209000,1.013411000,1.139884000,1.244595000,1.303550000,1.294793000,1.215832000,1.093129000,0.965621000,0.858017000,0.766605000,0.668535000,0.542193000,0.381332000,0.194576000,-0.003105000,-0.196424000,-0.366710000,-0.486881000,-0.532304000,-0.505284000,-0.442944000,-0.390524000,-0.365306000,-0.352409000,-0.331822000,-0.293116000,-0.225057000,-0.120193000,0.002323000,0.106006000,0.176145000,0.229474000,0.281505000,0.325644000,0.352198000,0.369085000,0.392599000,0.427723000,0.469367000,0.517985000,0.580058000,0.648476000,0.695197000,0.696131000,0.662929000,0.639872000,0.665950000,0.739644000,0.817180000,0.849002000,0.826044000,0.792368000,0.807464000,0.886347000,0.974110000,0.990573000,0.909067000,0.783435000,0.710791000,0.792972000,1.108972000,1.656122000,2.294981000,2.793382000,2.969386000,2.801132000,2.417153000,2.004148000,1.705484000,1.560732000,1.514865000,1.485862000,1.428196000,1.341015000,1.234920000,1.111247000,0.977564000,0.863036000,0.800570000,0.795186000,0.820890000,0.853109000,0.896243000,0.968475000,1.066001000,1.159997000,1.233902000,1.302868000,1.390594000,1.501339000,1.619877000,1.727027000,1.807423000,1.847650000,1.838331000,1.779293000,1.675153000,1.527539000
1.527539000,1.346000000,1.154142000,0.990865000,0.884305000,0.831439000,0.802718000,0.769115000,0.724598000,0.682283000,0.651431000,0.625275000,0.591581000,0.542446000,0.466589000,0.348472000,0.188484000,0.014892000,-0.137501000,-0.254623000,-0.342558000,-0.405441000,-0.433137000,-0.411725000,-0.346547000,-0.267912000,-0.207544000,-0.170313000,-0.137905000,-0.093816000,-0.041008000,0.000171000,0.011909000,0.002143000,0.001972000,0.038524000,0.113613000,0.207139000,0.294908000,0.364169000,0.418035000,0.468089000,0.521748000,0.577287000,0.631693000,0.689856000,0.764762000,0.869985000,1.008733000,1.167810000,1.323998000,1.459676000,1.570577000,1.659908000,1.727586000,1.759914000,1.729510000,1.613405000,1.422749000,1.211892000,1.055164000,1.006429000,1.068303000,1.189370000,1.298690000,1.351858000,1.350826000,1.321620000,1.282451000,1.235125000,1.180144000,1.125036000,1.078316000,1.041750000,1.009609000,0.973564000,0.929580000,0.891199000,0.886659000,0.928239000,0.985189000,1.007261000,0.981615000,0.954138000,0.982996000,1.074761000,1.180587000,1.253784000,1.291987000,1.319253000,1.351351000,1.388345000,1.428338000,1.474560000,1.529400000,1.587959000,1.639902000,1.671032000,1.664399000,1.608027000,1.510550000
1.510550000,1.405380000,1.328414000,1.298151000,1.315117000,1.370801000,1.446341000,1.512399000,1.545142000,1.542922000,1.518935000,1.479238000,1.410456000,1.285835000,1.083146000,0.807637000,0.502492000,0.226729000,0.019736000,-0.110727000,-0.180251000,-0.220495000,-0.260750000,-0.300893000,-0.316844000,-0.291213000,-0.220103000,-0.100993000,0.059531000,0.230474000,0.365074000,0.427713000,0.414993000,0.353436000,0.278396000,0.220983000,0.208406000,0.260294000,0.378899000,0.547645000,0.741235000,0.934514000,1.104436000,1.231156000,1.305480000,1.338971000,1.364520000,1.419991000,1.520733000,1.645792000,1.750413000,1.799131000,1.792612000,1.762425000,1.737456000,1.720377000,1.699081000,1.671668000,1.650558000,1.644982000,1.647720000,1.637986000,1.592981000,1.508583000,1.411010000,1.345601000,1.343261000,1.396563000,1.467266000,1.512117000,1.506316000,1.450612000,1.365812000,1.278986000,1.209791000,1.156865000,1.098888000,1.011718000,0.905539000,0.836466000,0.867295000,1.000803000,1.162760000,1.259372000,1.255905000,1.201919000,1.182611000,1.243079000,1.356309000,1.456744000,1.501591000,1.499944000,1.496295000,1.528565000,1.598907000,1.679765000,1.737975000,1.747647000,1.690965000,1.566166000,1.393805000
1.297179000,1.254347000,1.242700000,1.260845000,1.289128000,1.301885000,1.281001000,1.223370000,1.141225000,1.054570000,0.979478000,0.919115000,0.861547000,0.785335000,0.672535000,0.522021000,0.351197000,0.184195000,0.038626000,-0.077612000,-0.161301000,-0.207795000,-0.210603000,-0.170037000,-0.102917000,-0.038068000,0.004700000,0.033852000,0.080675000,0.169317000,0.289563000,0.399415000,0.457140000,0.454133000,0.419704000,0.397735000,0.418634000,0.487373000,0.589973000,0.707543000,0.826421000,0.940232000,1.048573000,1.155946000,1.268578000,1.387324000,1.503724000,1.604140000,1.679232000,1.728436000,1.756685000,1.769719000,1.773995000,1.776105000,1.770815000,1.726781000,1.594397000,1.342647000,0.994393000,0.628252000,0.341424000,0.203746000,0.226674000,0.361789000,0.529408000,0.661349000,0.727220000,0.732132000,0.696888000,0.642553000,0.584852000,0.537898000,0.522219000,0.566714000,0.694892000,0.900805000,1.130419000,1.298578000,1.341466000,1.266551000,1.147216000,1.062991000,1.044076000,1.069757000,1.103720000,1.124515000,1.132478000,1.144832000,1.184175000,1.258786000,1.348826000,1.418231000,1.445744000,1.442735000,1.440197000,1.458538000,1.490333000,1.505807000,1.472387000,1.374221000,1.223062000
1.223062000,1.056279000,0.918270000,0.835318000,0.804951000,0.809125000,0.829431000,0.848293000,0.846728000,0.812036000,0.747804000,0.670419000,0.592593000,0.511617000,0.415928000,0.305116000,0.203039000,0.146049000,0.155385000,0.219244000,0.299399000,0.350790000,0.339997000,0.257936000,0.125803000,-0.012504000,-0.113128000,-0.158093000,-0.162651000,-0.160429000,-0.180120000,-0.230301000,-0.298456000,-0.359833000,-0.391282000,-0.381317000,-0.332424000,-0.254850000,-0.159805000,-0.057459000,0.042984000,0.136433000,0.227976000,0.331153000,0.453738000,0.583847000,0.693684000,0.760758000,0.786108000,0.791588000,0.801394000,0.824082000,0.845986000,0.843232000,0.801391000,0.725114000,0.628715000,0.526058000,0.434026000,0.383819000,0.411728000,0.531709000,0.719504000,0.925022000,1.098514000,1.208217000,1.245518000,1.221509000,1.155096000,1.063876000,0.964437000,0.876697000,0.817858000,0.790126000,0.778635000,0.767390000,0.755497000,0.755743000,0.770730000,0.779959000,0.754533000,0.686118000,0.598056000,0.528237000,0.505088000,0.538360000,0.626037000,0.761377000,0.929190000,1.101356000,1.246444000,1.348777000,1.416236000,1.470209000,1.526540000,1.584337000,1.626416000,1.630726000,1.584457000,1.492573000,1.374241000
0.368762000,0.535045000,0.661147000,0.765928000,0.870590000,0.982363000,1.091245000,1.179507000,1.232314000,1.241516000,1.202116000,1.110451000,0.967328000,0.784597000,0.588725000,0.411106000,0.269735000,0.159116000,0.057997000,-0.054742000,-0.187756000,-0.330351000,-0.454480000,-0.530784000,-0.547782000,-0.514707000,-0.448505000,-0.363079000,-0.269218000,-0.178932000,-0.106059000,-0.059124000,-0.030636000,-0.000646000,0.045311000,0.103953000,0.162312000,0.211306000,0.249620000,0.284486000,0.334797000,0.426070000,0.571703000,0.757618000,0.950825000,1.120823000,1.252562000,1.343599000,1.399075000,1.430012000,1.448848000,1.456187000,1.430550000,1.342572000,1.193900000,1.046614000,1.003759000,1.147274000,1.479093000,1.906021000,2.282752000,2.486856000,2.478933000,2.301852000,2.034319000,1.749201000,1.500819000,1.322937000,1.218180000,1.156181000,1.100858000,1.040944000,0.986485000,0.949790000,0.940683000,0.973486000,1.055767000,1.174645000,1.302481000,1.415887000,1.501563000,1.547183000,1.538829000,1.474557000,1.378159000,1.291894000,1.250647000,1.260846000,1.302770000,1.349481000,1.380416000,1.381596000,1.345219000,1.274399000,1.180476000,1.068345000,0.930015000,0.762002000,0.588769000,0.462528000,0.432614000
0.432614000,0.507063000,0.646629000,0.790082000,0.888014000,0.926509000,0.924147000,0.908368000,0.894216000,0.881909000,0.864871000,0.830490000,0.756875000,0.621819000,0.420063000,0.170683000,-0.089469000,-0.319980000,-0.494457000,-0.612373000,-0.691049000,-0.743602000,-0.767381000,-0.757413000,-0.728550000,-0.712487000,-0.727308000,-0.761218000,-0.793328000,-0.817350000,-0.834664000,-0.839467000,-0.825505000,-0.800515000,-0.778848000,-0.760488000,-0.726712000,-0.660122000,-0.563717000,-0.457081000,-0.356643000,-0.261679000,-0.159023000,-0.040712000,0.081306000,0.179968000,0.235841000,0.255340000,0.263553000,0.281673000,0.316082000,0.367199000,0.439871000,0.539149000,0.660199000,0.791446000,0.931580000,1.099263000,1.319016000,1.594461000,1.894454000,2.159070000,2.317809000,2.316649000,2.151121000,1.880007000,1.600473000,1.396222000,1.297418000,1.277988000,1.284957000,1.274579000,1.230009000,1.162258000,1.102246000,1.084910000,1.125073000,1.205723000,1.288230000,1.336758000,1.337165000,1.299783000,1.249872000,1.213965000,1.207044000,1.226129000,1.255812000,1.278683000,1.280054000,1.248855000,1.182070000,1.088919000,0.987903000,0.896637000,0.821984000,0.756232000,0.680726000,0.577849000,0.451359000,0.343092000,0.317795000
0.317795000,0.417054000,0.609290000,0.810964000,0.955637000,1.029278000,1.052649000,1.049453000,1.031195000,0.999574000,0.956276000,0.907544000,0.858843000,0.805490000,0.730044000,0.610333000,0.436330000,0.223578000,0.007422000,-0.180787000,-0.333374000,-0.463573000,-0.585393000,-0.695780000,-0.771572000,-0.785786000,-0.732106000,-0.633615000,-0.520234000,-0.405256000,-0.297926000,-0.225847000,-0.219798000,-0.277277000,-0.356726000,-0.405749000,-0.388420000,-0.299253000,-0.165936000,-0.034271000,0.065073000,0.134953000,0.196055000,0.259179000,0.319201000,0.369945000,0.413449000,0.454544000,0.494186000,0.530098000,0.560471000,0.584446000,0.602730000,0.614179000,0.617156000,0.624522000,0.683334000,0.864970000,1.212483000,1.689033000,2.174056000,2.515515000,2.602870000,2.423491000,2.070194000,1.684630000,1.383824000,1.219419000,1.187022000,1.251761000,1.365064000,1.479174000,1.553917000,1.567437000,1.520392000,1.438129000,1.359460000,1.315321000,1.314745000,1.345278000,1.378316000,1.369550000,1.272885000,1.081601000,0.854903000,0.684294000,0.621058000,0.644321000,0.694252000,0.732208000,0.763645000,0.802671000,0.829324000,0.803882000,0.713359000,0.579462000,0.426046000,0.272143000,0.160248000,0.163511000,0.338998000
0.877250000,0.694385000,0.576874000,0.527120000,0.525785000,0.550257000,0.589988000,0.648134000,0.728046000,0.819182000,0.895546000,0.927532000,0.892867000,0.778715000,0.583248000,0.323726000,0.040015000,-0.219208000,-0.420084000,-0.555442000,-0.637504000,-0.680105000,-0.685589000,-0.648243000,-0.570196000,-0.472159000,-0.384120000,-0.324078000,-0.288074000,-0.259564000,-0.227006000,-0.191378000,-0.159676000,-0.134191000,-0.108267000,-0.072684000,-0.024592000,0.029658000,0.079849000,0.118886000,0.146039000,0.165919000,0.185921000,0.214046000,0.257862000,0.324099000,0.417832000,0.539808000,0.683037000,0.830628000,0.958647000,1.044170000,1.075351000,1.056241000,0.998969000,0.908785000,0.776891000,0.592686000,0.368513000,0.155309000,0.031049000,0.060302000,0.251540000,0.542762000,0.832120000,1.031272000,1.102057000,1.056138000,0.933231000,0.778173000,0.628416000,0.510342000,0.441123000,0.428475000,0.467709000,0.538673000,0.610561000,0.655742000,0.662689000,0.635715000,0.585472000,0.523845000,0.468200000,0.441293000,0.459924000,0.524206000,0.620980000,0.735285000,0.857367000,0.980833000,1.097569000,1.195827000,1.263259000,1.294055000,1.292674000,1.267122000,1.218142000,1.139191000,1.031804000,0.919038000,0.838001000
0.838001000,0.815250000,0.849020000,0.910151000,0.968198000,1.010400000,1.039777000,1.064749000,1.093069000,1.130090000,1.172491000,1.202384000,1.190376000,1.108133000,0.941240000,0.697517000,0.409629000,0.127567000,-0.100153000,-0.247419000,-0.320235000,-0.349323000,-0.368120000,-0.391886000,-0.412012000,-0.411438000,-0.384118000,-0.341173000,-0.300495000,-0.273839000,-0.262911000,-0.262905000,-0.266703000,-0.267823000,-0.263124000,-0.252537000,-0.233025000,-0.193924000,-0.121200000,-0.007320000,0.140321000,0.299648000,0.443583000,0.553116000,0.624031000,0.663725000,0.685175000,0.702390000,0.725032000,0.750266000,0.761120000,0.737579000,0.671234000,0.571271000,0.460152000,0.365222000,0.307719000,0.292958000,0.311397000,0.354989000,0.432112000,0.557596000,0.726984000,0.906810000,1.052046000,1.132488000,1.144463000,1.104218000,1.034805000,0.955374000,0.877872000,0.808632000,0.751968000,0.708358000,0.670696000,0.624251000,0.557818000,0.479188000,0.418922000,0.412355000,0.474728000,0.589513000,0.717630000,0.817379000,0.865071000,0.867501000,0.856096000,0.861368000,0.889839000,0.926736000,0.960797000,0.999772000,1.059977000,1.146827000,1.245345000,1.329249000,1.371851000,1.351960000,1.258159000,1.097332000,0.899463000
0.899463000,0.712453000,0.576873000,0.515857000,0.525271000,0.581742000,0.659014000,0.737298000,0.799872000,0.821397000,0.767397000,0.613197000,0.366838000,0.071701000,-0.218540000,-0.468706000,-0.672360000,-0.843041000,-0.998295000,-1.145470000,-1.272477000,-1.350704000,-1.357090000,-1.297318000,-1.206120000,-1.121230000,-1.057407000,-1.003464000,-0.939913000,-0.857572000,-0.765364000,-0.682564000,-0.625384000,-0.596288000,-0.582977000,-0.565444000,-0.525110000,-0.454004000,-0.358342000,-0.257326000,-0.177313000,-0.140458000,-0.148511000,-0.173955000,-0.172603000,-0.115964000,-0.017470000,0.069583000,0.081456000,-0.019721000,-0.224431000,-0.481181000,-0.721622000,-0.890217000,-0.964499000,-0.952698000,-0.873900000,-0.737420000,-0.547204000,-0.315919000,-0.061254000,0.213983000,0.533078000,0.917954000,1.346599000,1.737495000,1.982916000,2.000805000,1.777438000,1.377339000,0.916653000,0.503382000,0.183439000,-0.071153000,-0.327715000,-0.640542000,-1.012237000,-1.391318000,-1.701448000,-1.877711000,-1.882036000,-1.704772000,-1.374363000,-0.966784000,-0.588936000,-0.326125000,-0.196143000,-0.147826000,-0.101877000,-0.000560000,0.165497000,0.365379000,0.557426000,0.714720000,0.830539000,0.904138000,0.922643000,0.861967000,0.708080000,0.483835000,0.250282000
1.286649000,1.122558000,0.992197000,0.908895000,0.857352000,0.812569000,0.760667000,0.704708000,0.658298000,0.631641000,0.620127000,0.601829000,0.545465000,0.424346000,0.229558000,-0.022752000,-0.294801000,-0.541803000,-0.730968000,-0.851930000,-0.913485000,-0.929762000,-0.908265000,-0.851305000,-0.767200000,-0.677248000,-0.606392000,-0.565921000,-0.546136000,-0.527300000,-0.496205000,-0.453589000,-0.407908000,-0.364847000,-0.322903000,-0.276986000,-0.224910000,-0.169261000,-0.113916000,-0.060273000,-0.008178000,0.040388000,0.080052000,0.106923000,0.123947000,0.140612000,0.167812000,0.211893000,0.272452000,0.342732000,0.413137000,0.475788000,0.526307000,0.559272000,0.562703000,0.519375000,0.417325000,0.263286000,0.091910000,-0.035130000,-0.049751000,0.085638000,0.348380000,0.659129000,0.919926000,1.061107000,1.064186000,0.956514000,0.788740000,0.612304000,0.466284000,0.372438000,0.335971000,0.347033000,0.385617000,0.426838000,0.452539000,0.457696000,0.450445000,0.440280000,0.428405000,0.411707000,0.393897000,0.390110000,0.418985000,0.492100000,0.609695000,0.760424000,0.923562000,1.073896000,1.188243000,1.252893000,1.268110000,1.249314000,1.221486000,1.207712000,1.217636000,1.239941000,1.244122000,1.197392000,1.089565000
1.089565000,0.950615000,0.830535000,0.765751000,0.754504000,0.767484000,0.778035000,0.777416000,0.769455000,0.758050000,0.740689000,0.707441000,0.645623000,0.544980000,0.401213000,0.214877000,-0.008444000,-0.255390000,-0.501676000,-0.718096000,-0.881556000,-0.982685000,-1.024291000,-1.015356000,-0.967885000,-0.896980000,-0.820151000,-0.752951000,-0.703148000,-0.668164000,-0.639345000,-0.610829000,-0.585726000,-0.572695000,-0.575012000,-0.580546000,-0.563002000,-0.494183000,-0.362576000,-0.182593000,0.010793000,0.180884000,0.305177000,0.378590000,0.406169000,0.396875000,0.363608000,0.324005000,0.294043000,0.278426000,0.268639000,0.253421000,0.231073000,0.209321000,0.196370000,0.192585000,0.193375000,0.195020000,0.201543000,0.228060000,0.298095000,0.426850000,0.604206000,0.791196000,0.939835000,1.017721000,1.018960000,0.959524000,0.866377000,0.767581000,0.687724000,0.642849000,0.635776000,0.653635000,0.668299000,0.648634000,0.577122000,0.462464000,0.337148000,0.244370000,0.217980000,0.266709000,0.367370000,0.478311000,0.568222000,0.638176000,0.712241000,0.806615000,0.911274000,1.005102000,1.082776000,1.160720000,1.257282000,1.372887000,1.490607000,1.589942000,1.656541000,1.681225000,1.652160000,1.554481000,1.385465000
1.385465000,1.169516000,0.959906000,0.807366000,0.731575000,0.718015000,0.738207000,0.767240000,0.787087000,0.781306000,0.729809000,0.612096000,0.419772000,0.168807000,-0.105546000,-0.369050000,-0.604719000,-0.813416000,-1.001691000,-1.168134000,-1.298173000,-1.369793000,-1.369812000,-1.304483000,-1.196634000,-1.069742000,-0.933851000,-0.785153000,-0.620828000,-0.451995000,-0.305698000,-0.211327000,-0.182060000,-0.205435000,-0.250248000,-0.283643000,-0.286033000,-0.254401000,-0.199502000,-0.140444000,-0.098064000,-0.084894000,-0.096694000,-0.114779000,-0.120199000,-0.108630000,-0.091996000,-0.087823000,-0.108172000,-0.156395000,-0.228215000,-0.312423000,-0.392767000,-0.452359000,-0.479958000,-0.467637000,-0.404162000,-0.278287000,-0.091535000,0.137249000,0.383656000,0.637654000,0.906355000,1.194349000,1.477814000,1.695302000,1.768241000,1.643423000,1.332695000,0.921806000,0.526353000,0.227135000,0.026938000,-0.137663000,-0.342054000,-0.620905000,-0.950020000,-1.266469000,-1.502475000,-1.609297000,-1.563431000,-1.368837000,-1.065029000,-0.728984000,-0.449060000,-0.279560000,-0.208117000,-0.169919000,-0.096188000,0.043913000,0.235868000,0.441107000,0.623252000,0.761993000,0.855291000,0.916177000,0.960424000,0.987417000,0.970216000,0.873060000,0.688806000
0.851418000,0.883209000,0.969546000,1.076084000,1.159589000,1.196548000,1.194047000,1.174775000,1.153857000,1.129039000,1.088344000,1.022423000,0.930245000,0.817553000,0.693102000,0.566754000,0.448042000,0.344014000,0.255963000,0.178042000,0.100903000,0.020584000,-0.055569000,-0.113690000,-0.146229000,-0.159007000,-0.165454000,-0.175491000,-0.191709000,-0.214046000,-0.242487000,-0.273352000,-0.295825000,-0.296798000,-0.270521000,-0.222599000,-0.164319000,-0.103556000,-0.041121000,0.026077000,0.099347000,0.176230000,0.252524000,0.325618000,0.394707000,0.458282000,0.510887000,0.544029000,0.551360000,0.533369000,0.495519000,0.441392000,0.369785000,0.279027000,0.173618000,0.065101000,-0.033622000,-0.114333000,-0.173912000,-0.210704000,-0.221083000,-0.204802000,-0.169286000,-0.122265000,-0.060246000,0.030531000,0.154124000,0.290133000,0.402268000,0.463950000,0.479428000,0.482257000,0.513632000,0.594188000,0.708586000,0.813976000,0.870309000,0.868152000,0.831696000,0.795444000,0.778853000,0.780370000,0.787888000,0.790603000,0.782316000,0.763170000,0.743651000,0.737729000,0.752572000,0.784379000,0.826654000,0.879219000,0.945542000,1.021237000,1.087334000,1.114859000,1.079090000,0.975337000,0.827433000,0.680548000,0.577882000
0.577882000,0.535059000,0.535823000,0.543686000,0.533349000,0.502560000,0.459881000,0.409333000,0.347456000,0.270827000,0.182057000,0.088946000,0.000852000,-0.075052000,-0.136800000,-0.188885000,-0.238805000,-0.289855000,-0.337983000,-0.377547000,-0.411900000,-0.455736000,-0.523456000,-0.614362000,-0.711752000,-0.797377000,-0.865948000,-0.924678000,-0.979540000,-1.023270000,-1.039636000,-1.019206000,-0.970219000,-0.913958000,-0.872372000,-0.859710000,-0.879724000,-0.924424000,-0.974717000,-1.007921000,-1.010012000,-0.984790000,-0.952141000,-0.934029000,-0.939426000,-0.961077000,-0.984954000,-0.999147000,-0.993990000,-0.960536000,-0.896348000,-0.814959000,-0.744590000,-0.709543000,-0.708112000,-0.706029000,-0.655366000,-0.525115000,-0.318890000,-0.069664000,0.176738000,0.374707000,0.494181000,0.538359000,0.545624000,0.562442000,0.610081000,0.674617000,0.725675000,0.738129000,0.701265000,0.617513000,0.500841000,0.377307000,0.281326000,0.242920000,0.267936000,0.327402000,0.371101000,0.361383000,0.301162000,0.228234000,0.182096000,0.174372000,0.193049000,0.228176000,0.288128000,0.385954000,0.516756000,0.653445000,0.766890000,0.843238000,0.884197000,0.894544000,0.874477000,0.821712000,0.738737000,0.641473000,0.556209000,0.511485000,0.517793000
1.639985000,1.375998000,1.100584000,0.850197000,0.641596000,0.472484000,0.332103000,0.212751000,0.113925000,0.039335000,-0.009350000,-0.037105000,-0.055913000,-0.081114000,-0.126186000,-0.198138000,-0.295749000,-0.410471000,-0.528748000,-0.634766000,-0.713767000,-0.754712000,-0.753146000,-0.712523000,-0.643702000,-0.562600000,-0.485654000,-0.425305000,-0.386205000,-0.364859000,-0.352127000,-0.337334000,-0.312329000,-0.273680000,-0.223006000,-0.165535000,-0.107785000,-0.055751000,-0.013321000,0.017352000,0.035269000,0.040260000,0.033535000,0.018762000,0.001851000,-0.010326000,-0.012562000,-0.003741000,0.012479000,0.028314000,0.033102000,0.013990000,-0.045736000,-0.168541000,-0.380816000,-0.702761000,-1.131766000,-1.625309000,-2.098171000,-2.440373000,-2.554738000,-2.397470000,-2.000692000,-1.465516000,-0.925588000,-0.498503000,-0.248503000,-0.176652000,-0.236538000,-0.362665000,-0.495347000,-0.596758000,-0.654404000,-0.676260000,-0.681372000,-0.689343000,-0.711575000,-0.748002000,-0.789450000,-0.822913000,-0.836901000,-0.823320000,-0.776014000,-0.688911000,-0.556299000,-0.375278000,-0.148822000,0.112927000,0.393947000,0.676767000,0.946131000,1.192092000,1.409718000,1.596384000,1.748441000,1.856597000,1.904875000,1.874247000,1.753130000,1.549326000,1.295987000
1.295987000,1.043912000,0.833470000,0.683371000,0.584581000,0.511575000,0.440003000,0.357276000,0.263204000,0.164517000,0.069162000,-0.018266000,-0.098186000,-0.176295000,-0.261271000,-0.361610000,-0.481574000,-0.618644000,-0.763558000,-0.902184000,-1.020044000,-1.106132000,-1.155596000,-1.169552000,-1.152473000,-1.109392000,-1.044449000,-0.961826000,-0.868147000,-0.773277000,-0.688802000,-0.623557000,-0.578971000,-0.547595000,-0.515292000,-0.467238000,-0.393675000,-0.294467000,-0.179137000,-0.064047000,0.032895000,0.097286000,0.122157000,0.109122000,0.067352000,0.010121000,-0.050087000,-0.106056000,-0.158155000,-0.213459000,-0.282828000,-0.378420000,-0.513097000,-0.700857000,-0.953190000,-1.269963000,-1.626358000,-1.966014000,-2.208887000,-2.276569000,-2.125791000,-1.772922000,-1.293599000,-0.796800000,-0.384871000,-0.118800000,-0.006315000,-0.012842000,-0.086340000,-0.178909000,-0.262089000,-0.327284000,-0.380435000,-0.432379000,-0.490586000,-0.556177000,-0.624358000,-0.686599000,-0.732497000,-0.752453000,-0.739241000,-0.690809000,-0.609733000,-0.500709000,-0.366788000,-0.206973000,-0.018428000,0.199919000,0.444372000,0.706929000,0.977797000,1.248669000,1.512786000,1.762771000,1.985973000,2.160674000,2.257119000,2.246649000,2.116440000,1.881017000,1.583764000
1.583764000,1.285087000,1.030411000,0.841827000,0.714276000,0.624823000,0.548256000,0.465228000,0.364556000,0.241109000,0.094734000,-0.069237000,-0.238921000,-0.397743000,-0.529743000,-0.624892000,-0.682609000,-0.709944000,-0.716729000,-0.710194000,-0.692584000,-0.662582000,-0.618928000,-0.563121000,-0.498304000,-0.427256000,-0.349869000,-0.263776000,-0.167414000,-0.062397000,0.046062000,0.151071000,0.247204000,0.333413000,0.412892000,0.492003000,0.576819000,0.670321000,0.769980000,0.867946000,0.954245000,1.020060000,1.060949000,1.077764000,1.075564000,1.061445000,1.041989000,1.019631000,0.989183000,0.936222000,0.837715000,0.667434000,0.403613000,0.037193000,-0.419451000,-0.927513000,-1.418639000,-1.800673000,-1.976546000,-1.876590000,-1.488848000,-0.876355000,-0.166975000,0.485215000,0.946932000,1.144637000,1.075202000,0.789430000,0.364325000,-0.123962000,-0.614571000,-1.069145000,-1.466898000,-1.799730000,-2.066199000,-2.265845000,-2.396471000,-2.452878000,-2.429394000,-2.322666000,-2.139557000,-1.896776000,-1.619706000,-1.331806000,-1.046179000,-0.761245000,-0.466187000,-0.151820000,0.181645000,0.521042000,0.847126000,1.142519000,1.396899000,1.605287000,1.763171000,1.857226000,1.869055000,1.780249000,1.585678000,1.303468000,0.975983000
0.631655000,0.759730000,0.940901000,1.108632000,1.186160000,1.132311000,1.016175000,0.964209000,1.021246000,1.051984000,1.004510000,0.928995000,0.830764000,0.634972000,0.367308000,0.169898000,0.071898000,-0.028778000,-0.214736000,-0.450090000,-0.638732000,-0.739780000,-0.717486000,-0.612137000,-0.567553000,-0.583636000,-0.553494000,-0.458985000,-0.418347000,-0.430775000,-0.488431000,-0.586886000,-0.703054000,-0.795916000,-0.763846000,-0.647729000,-0.566045000,-0.561926000,-0.541736000,-0.415607000,-0.176044000,0.070481000,0.211243000,0.257194000,0.278182000,0.316316000,0.366723000,0.378332000,0.320277000,0.222214000,0.164131000,0.144638000,0.106555000,0.015539000,-0.141456000,-0.262777000,-0.285020000,-0.211273000,0.016698000,0.214350000,0.221484000,0.158834000,0.139394000,0.193472000,0.275967000,0.331546000,0.341484000,0.377527000,0.454704000,0.462144000,0.339396000,0.173399000,0.128491000,0.300772000,0.644832000,0.882953000,0.835863000,0.677114000,0.572520000,0.674865000,0.952802000,1.087038000,0.941627000,0.749643000,0.678752000,0.650907000,0.664755000,0.759849000,0.886096000,0.894957000,0.850044000,0.880479000,0.942865000,0.980994000,1.000948000,1.050840000,1.098692000,1.079288000,0.952507000,0.689391000,0.358323000
0.358323000,0.188835000,0.150287000,0.160853000,0.208034000,0.268096000,0.287317000,0.266861000,0.250439000,0.249294000,0.222457000,0.152989000,0.086026000,0.014142000,-0.071045000,-0.178652000,-0.308312000,-0.375890000,-0.374493000,-0.358181000,-0.318122000,-0.286278000,-0.284363000,-0.320920000,-0.412712000,-0.519618000,-0.492723000,-0.406695000,-0.471909000,-0.635608000,-0.742335000,-0.677488000,-0.544282000,-0.486255000,-0.397289000,-0.238760000,-0.091955000,0.007240000,0.072974000,0.114125000,0.149026000,0.180308000,0.183538000,0.146833000,0.130068000,0.209001000,0.397075000,0.622165000,0.779358000,0.819772000,0.760280000,0.675868000,0.707935000,0.949845000,1.197074000,1.144337000,0.881442000,0.618514000,0.457931000,0.450146000,0.553754000,0.650352000,0.655342000,0.598180000,0.574237000,0.622951000,0.740008000,0.861393000,0.898441000,0.812388000,0.640466000,0.533943000,0.541076000,0.615652000,0.687126000,0.751131000,0.856390000,0.889168000,0.878315000,0.837813000,0.755973000,0.600653000,0.498609000,0.501838000,0.539619000,0.572359000,0.750149000,1.007456000,1.091196000,1.073961000,1.058195000,1.053778000,1.051263000,1.027622000,1.019856000,1.060876000,1.169543000,1.287694000,1.274784000,1.038541000,0.756854000
0.756854000,0.626488000,0.630063000,0.720897000,0.787123000,0.786720000,0.757136000,0.742962000,0.780610000,0.857422000,0.970242000,1.091711000,1.185374000,1.169502000,0.908481000,0.471254000,0.114959000,-0.091136000,-0.219785000,-0.342380000,-0.464299000,-0.614635000,-0.832006000,-0.984576000,-0.961806000,-0.841708000,-0.762967000,-0.752114000,-0.620194000,-0.370384000,-0.261076000,-0.369823000,-0.587545000,-0.656114000,-0.445223000,-0.214048000,-0.172649000,-0.159769000,-0.028610000,0.111724000,0.151134000,0.154503000,0.132618000,0.016162000,-0.125894000,-0.177817000,-0.182964000,-0.242688000,-0.404281000,-0.599821000,-0.797608000,-0.958322000,-0.980111000,-0.775042000,-0.348110000,0.136425000,0.496628000,0.670049000,0.791221000,0.953501000,0.993636000,0.843759000,0.624874000,0.531230000,0.546039000,0.551895000,0.525424000,0.501279000,0.575428000,0.837632000,1.274345000,1.625058000,1.720519000,1.468240000,0.984281000,0.572533000,0.590824000,1.039619000,1.304406000,1.177047000,1.143780000,1.290383000,1.389824000,1.465720000,1.377501000,0.987153000,0.655204000,0.539880000,0.314752000,0.007782000,-0.161076000,0.127757000,0.981623000,1.791352000,2.121460000,2.120999000,2.090415000,1.940276000,1.406949000,0.581772000,0.044562000
0.752223000,0.502712000,0.345241000,0.293884000,0.299543000,0.297087000,0.254367000,0.181673000,0.107708000,0.055261000,0.033339000,0.036873000,0.044443000,0.022994000,-0.056515000,-0.203207000,-0.400293000,-0.610700000,-0.793334000,-0.923493000,-1.002645000,-1.046972000,-1.064696000,-1.047237000,-0.983692000,-0.879467000,-0.758231000,-0.649014000,-0.572978000,-0.535835000,-0.527076000,-0.526588000,-0.518252000,-0.499469000,-0.480376000,-0.474308000,-0.486569000,-0.509704000,-0.528093000,-0.530381000,-0.518406000,-0.504579000,-0.499838000,-0.504631000,-0.508319000,-0.494766000,-0.449576000,-0.368834000,-0.265286000,-0.165879000,-0.097408000,-0.070973000,-0.078817000,-0.109007000,-0.165077000,-0.266811000,-0.422947000,-0.594586000,-0.687356000,-0.596381000,-0.279888000,0.196441000,0.683154000,1.026181000,1.138353000,1.022564000,0.751620000,0.430809000,0.159469000,-0.001267000,-0.043071000,-0.001351000,0.070018000,0.124133000,0.131732000,0.082973000,-0.013510000,-0.130284000,-0.229926000,-0.278498000,-0.258525000,-0.171613000,-0.033483000,0.134466000,0.311260000,0.479604000,0.625949000,0.743050000,0.833234000,0.907125000,0.974680000,1.034845000,1.078175000,1.103320000,1.128085000,1.177314000,1.253036000,1.312161000,1.278086000,1.092073000,0.772044000
0.772044000,0.426614000,0.179293000,0.092854000,0.132985000,0.210786000,0.254344000,0.245802000,0.205845000,0.156357000,0.102615000,0.041664000,-0.026590000,-0.100964000,-0.183007000,-0.274429000,-0.371988000,-0.469558000,-0.565653000,-0.665744000,-0.774293000,-0.885427000,-0.984481000,-1.059089000,-1.107463000,-1.134695000,-1.146260000,-1.145861000,-1.138306000,-1.130777000,-1.129703000,-1.135085000,-1.139032000,-1.130255000,-1.103082000,-1.061596000,-1.015486000,-0.971152000,-0.925657000,-0.871202000,-0.804691000,-0.733390000,-0.670545000,-0.626437000,-0.602486000,-0.592688000,-0.588900000,-0.586824000,-0.587929000,-0.596450000,-0.614048000,-0.636362000,-0.660131000,-0.696150000,-0.770832000,-0.906428000,-1.095174000,-1.286153000,-1.392712000,-1.319274000,-1.008689000,-0.491430000,0.108519000,0.625450000,0.930890000,0.984451000,0.833377000,0.576202000,0.314900000,0.118811000,0.011533000,-0.018963000,-0.003375000,0.021625000,0.019781000,-0.033880000,-0.138319000,-0.263368000,-0.366288000,-0.416932000,-0.408591000,-0.350863000,-0.256800000,-0.135388000,0.010114000,0.179782000,0.371944000,0.578044000,0.783658000,0.975731000,1.149121000,1.305372000,1.448647000,1.583082000,1.710984000,1.824762000,1.893052000,1.860618000,1.677215000,1.346881000,0.950963000
0.950963000,0.615423000,0.413795000,0.351407000,0.374531000,0.419268000,0.449718000,0.459988000,0.452000000,0.415058000,0.327901000,0.175660000,-0.036875000,-0.285905000,-0.541516000,-0.780140000,-0.991566000,-1.174099000,-1.325211000,-1.436755000,-1.502039000,-1.526544000,-1.529578000,-1.530213000,-1.532266000,-1.517771000,-1.456740000,-1.328712000,-1.145502000,-0.952272000,-0.798943000,-0.706553000,-0.661133000,-0.634148000,-0.601979000,-0.551605000,-0.478490000,-0.388195000,-0.294833000,-0.214619000,-0.157116000,-0.119815000,-0.089594000,-0.051939000,-0.005765000,0.029510000,0.029263000,-0.012749000,-0.077074000,-0.137962000,-0.182943000,-0.206816000,-0.198089000,-0.147994000,-0.077806000,-0.043943000,-0.094135000,-0.210187000,-0.294154000,-0.220872000,0.075593000,0.552330000,1.074163000,1.486242000,1.686287000,1.656224000,1.449787000,1.165480000,0.904101000,0.730492000,0.648820000,0.607257000,0.533418000,0.366378000,0.074021000,-0.346615000,-0.860156000,-1.373657000,-1.749801000,-1.874306000,-1.734639000,-1.436636000,-1.126673000,-0.893499000,-0.730333000,-0.576111000,-0.376126000,-0.114037000,0.191015000,0.503259000,0.792077000,1.044708000,1.265737000,1.464297000,1.641034000,1.781197000,1.849469000,1.794742000,1.579228000,1.224871000,0.828453000
0.160521000,0.014101000,-0.040572000,-0.007178000,0.073157000,0.153809000,0.211938000,0.255205000,0.304763000,0.367875000,0.422207000,0.425478000,0.345796000,0.186875000,-0.011260000,-0.195315000,-0.324482000,-0.385437000,-0.393817000,-0.384087000,-0.388422000,-0.416299000,-0.451704000,-0.473060000,-0.475661000,-0.473223000,-0.479432000,-0.490047000,-0.485039000,-0.449279000,-0.390711000,-0.337796000,-0.319522000,-0.347872000,-0.413366000,-0.490490000,-0.546352000,-0.553287000,-0.501735000,-0.401915000,-0.268681000,-0.105041000,0.095303000,0.327292000,0.560182000,0.749118000,0.862575000,0.898600000,0.877996000,0.826491000,0.759588000,0.677494000,0.569356000,0.427823000,0.264396000,0.110161000,-0.006875000,-0.084415000,-0.139040000,-0.169045000,-0.134838000,0.009925000,0.260728000,0.545244000,0.767343000,0.866506000,0.841344000,0.729881000,0.577669000,0.419505000,0.276194000,0.161556000,0.091750000,0.082578000,0.135235000,0.225616000,0.314738000,0.372918000,0.393573000,0.383900000,0.349893000,0.297500000,0.248852000,0.245433000,0.323327000,0.482031000,0.683440000,0.883083000,1.057518000,1.201694000,1.311609000,1.378991000,1.400832000,1.385659000,1.348452000,1.300364000,1.238857000,1.142049000,0.974644000,0.712629000,0.378553000
0.378553000,0.059671000,-0.154295000,-0.214848000,-0.153392000,-0.049560000,0.029333000,0.064599000,0.077592000,0.096393000,0.129608000,0.163000000,0.173073000,0.143589000,0.075935000,-0.010485000,-0.089486000,-0.145221000,-0.182391000,-0.219687000,-0.273358000,-0.345394000,-0.424758000,-0.496671000,-0.548972000,-0.572559000,-0.561384000,-0.516517000,-0.449985000,-0.381453000,-0.328677000,-0.299647000,-0.289863000,-0.283968000,-0.261450000,-0.208473000,-0.128063000,-0.037479000,0.047516000,0.125153000,0.205684000,0.300674000,0.416452000,0.553553000,0.706672000,0.863950000,1.008995000,1.125462000,1.202603000,1.238855000,1.244131000,1.238982000,1.244296000,1.264300000,1.276735000,1.241885000,1.123265000,0.906933000,0.619600000,0.339034000,0.172494000,0.196839000,0.401753000,0.689997000,0.937606000,1.063574000,1.057970000,0.959222000,0.817057000,0.670925000,0.548608000,0.470368000,0.450121000,0.493274000,0.592970000,0.724461000,0.844543000,0.902248000,0.862079000,0.730652000,0.560784000,0.424035000,0.370023000,0.406490000,0.509829000,0.645907000,0.782420000,0.893202000,0.964007000,0.996445000,1.004738000,1.005615000,1.008142000,1.011705000,1.009753000,0.993297000,0.949355000,0.861037000,0.716229000,0.521228000,0.310163000
0.310163000,0.133496000,0.055740000,0.090511000,0.195323000,0.301396000,0.361402000,0.375856000,0.377711000,0.393525000,0.417698000,0.420694000,0.376822000,0.281783000,0.147882000,-0.010242000,-0.184355000,-0.370545000,-0.561606000,-0.744081000,-0.904783000,-1.041016000,-1.161964000,-1.277454000,-1.382030000,-1.451030000,-1.455595000,-1.384398000,-1.254402000,-1.106216000,-0.988407000,-0.935931000,-0.950701000,-1.000395000,-1.038828000,-1.035015000,-0.987736000,-0.917955000,-0.847885000,-0.786459000,-0.731018000,-0.677687000,-0.626730000,-0.579550000,-0.536418000,-0.497681000,-0.464850000,-0.439074000,-0.420234000,-0.408822000,-0.407904000,-0.422255000,-0.456451000,-0.512888000,-0.590147000,-0.677814000,-0.749451000,-0.768298000,-0.712786000,-0.599391000,-0.466679000,-0.331948000,-0.175373000,0.022676000,0.237975000,0.407579000,0.480122000,0.455147000,0.379504000,0.308641000,0.269807000,0.252647000,0.231121000,0.195232000,0.165199000,0.176033000,0.248618000,0.367758000,0.484269000,0.542547000,0.514539000,0.410978000,0.264695000,0.113000000,-0.009087000,-0.073592000,-0.064493000,0.025170000,0.194649000,0.423159000,0.659449000,0.838497000,0.919768000,0.911121000,0.857250000,0.801543000,0.754691000,0.696299000,0.608746000,0.510564000,0.450974000
-0.071025000,-0.252305000,-0.351456000,-0.350506000,-0.275022000,-0.179648000,-0.116668000,-0.110786000,-0.152990000,-0.211110000,-0.247773000,-0.241245000,-0.198232000,-0.149532000,-0.130274000,-0.162904000,-0.252804000,-0.389058000,-0.544880000,-0.685231000,-0.784389000,-0.838264000,-0.857824000,-0.850937000,-0.813131000,-0.736921000,-0.627067000,-0.504036000,-0.393216000,-0.311505000,-0.262288000,-0.239864000,-0.236035000,-0.243976000,-0.258673000,-0.276115000,-0.295499000,-0.321605000,-0.360581000,-0.410068000,-0.453454000,-0.466816000,-0.433536000,-0.354600000,-0.245964000,-0.128555000,-0.018291000,0.078239000,0.161395000,0.230908000,0.279580000,0.297311000,0.281021000,0.237851000,0.176985000,0.097360000,-0.015569000,-0.181035000,-0.403699000,-0.652908000,-0.854618000,-0.914885000,-0.771049000,-0.437181000,-0.006410000,0.394426000,0.662071000,0.751655000,0.682948000,0.521337000,0.343340000,0.201042000,0.108179000,0.049712000,0.002115000,-0.053231000,-0.126172000,-0.216241000,-0.309640000,-0.381375000,-0.404273000,-0.360570000,-0.249149000,-0.083350000,0.115074000,0.319334000,0.498593000,0.624470000,0.683719000,0.688949000,0.674052000,0.676937000,0.720719000,0.803429000,0.899544000,0.967695000,0.962681000,0.853302000,0.640348000,0.364538000,0.093657000
0.093657000,-0.103350000,-0.194276000,-0.182198000,-0.102833000,-0.001789000,0.090670000,0.169412000,0.244348000,0.319786000,0.382298000,0.406589000,0.373981000,0.286215000,0.162711000,0.026082000,-0.110189000,-0.242110000,-0.368978000,-0.487763000,-0.593486000,-0.682603000,-0.754524000,-0.810318000,-0.848905000,-0.866589000,-0.859870000,-0.829900000,-0.783860000,-0.733355000,-0.690747000,-0.664999000,-0.658145000,-0.664104000,-0.671977000,-0.669940000,-0.650851000,-0.617944000,-0.585633000,-0.571207000,-0.580178000,-0.598342000,-0.599218000,-0.561293000,-0.479619000,-0.366529000,-0.244105000,-0.134086000,-0.049192000,0.010964000,0.053476000,0.081457000,0.088292000,0.062273000,-0.008764000,-0.139891000,-0.349375000,-0.647157000,-1.012675000,-1.380688000,-1.652657000,-1.731957000,-1.567462000,-1.183778000,-0.678477000,-0.181790000,0.198019000,0.413592000,0.479100000,0.442864000,0.356111000,0.257008000,0.169202000,0.104390000,0.061240000,0.025862000,-0.021332000,-0.092456000,-0.181892000,-0.265649000,-0.316284000,-0.321948000,-0.292373000,-0.242115000,-0.169228000,-0.054820000,0.113752000,0.322273000,0.534837000,0.717667000,0.858455000,0.966485000,1.057723000,1.139336000,1.203298000,1.228307000,1.186908000,1.057737000,0.843569000,0.584077000,0.345419000
0.345419000,0.189984000,0.138667000,0.172090000,0.247079000,0.326142000,0.394928000,0.460322000,0.533735000,0.615674000,0.689080000,0.724836000,0.692165000,0.572164000,0.369522000,0.115045000,-0.147077000,-0.379778000,-0.565298000,-0.703418000,-0.800701000,-0.863745000,-0.900206000,-0.922812000,-0.944578000,-0.969358000,-0.986572000,-0.980045000,-0.942398000,-0.883368000,-0.825088000,-0.787154000,-0.769964000,-0.750709000,-0.698435000,-0.597118000,-0.455402000,-0.295146000,-0.135603000,0.012574000,0.141810000,0.245160000,0.318430000,0.365607000,0.398881000,0.435972000,0.487793000,0.549906000,0.603341000,0.632188000,0.638240000,0.640211000,0.655213000,0.678696000,0.680859000,0.621185000,0.473993000,0.249891000,0.001147000,-0.192251000,-0.252343000,-0.140859000,0.123683000,0.473400000,0.825997000,1.114555000,1.301957000,1.379627000,1.363584000,1.284867000,1.177219000,1.060820000,0.931868000,0.760247000,0.510569000,0.173381000,-0.215223000,-0.583805000,-0.858100000,-0.986402000,-0.959598000,-0.820678000,-0.652364000,-0.534913000,-0.493583000,-0.478290000,-0.400590000,-0.201909000,0.101898000,0.437855000,0.733174000,0.961144000,1.140803000,1.299037000,1.433534000,1.502188000,1.447107000,1.230910000,0.865406000,0.412841000,-0.034315000
